HPO_IRI,HPO_Label,Link_Type,Source_HPO_IRI,Source_HPO_Label,Axiom_Type,Property,Property_Path,Filler_Role,In_Union,Negated,Filler_IRI,Filler_Label,Obsolete,Replacement_IRI,Replacement_Label,Replacement_Obsolete,Consider_IRIs,Found_In_Target
http://purl.obolibrary.org/obo/HP_0000027,Azoospermia,direct,http://purl.obolibrary.org/obo/HP_0000027,Azoospermia,equivalentClass,characteristic of,has part some > characteristic of some,intersection_operand,False,False,http://purl.obolibrary.org/obo/CL_0000019,sperm,False,,,,,True
http://purl.obolibrary.org/obo/HP_0000762,Decreased nerve conduction velocity,direct,http://purl.obolibrary.org/obo/HP_0000762,Decreased nerve conduction velocity,equivalentClass,characteristic of,has part some > characteristic of some,restriction_filler,False,False,http://purl.obolibrary.org/obo/CL_2000032,peripheral nervous system neuron,False,,,,,True
http://purl.obolibrary.org/obo/HP_0001872,Abnormality of thrombocytes,direct,http://purl.obolibrary.org/obo/HP_0001872,Abnormality of thrombocytes,equivalentClass,characteristic of part of,has part some > characteristic of part of some,restriction_filler,False,False,http://purl.obolibrary.org/obo/CL_0000233,platelet,False,,,,,True
http://purl.obolibrary.org/obo/HP_0001873,Thrombocytopenia,direct,http://purl.obolibrary.org/obo/HP_0001873,Thrombocytopenia,equivalentClass,characteristic of,has part some > characteristic of some,restriction_filler,False,False,http://purl.obolibrary.org/obo/CL_0000233,platelet,False,,,,,True
http://purl.obolibrary.org/obo/HP_0001874,Abnormality of neutrophils,direct,http://purl.obolibrary.org/obo/HP_0001874,Abnormality of neutrophils,equivalentClass,characteristic of part of,has part some > characteristic of part of some,restriction_filler,False,False,http://purl.obolibrary.org/obo/CL_0000775,neutrophil,False,,,,,True
http://purl.obolibrary.org/obo/HP_0001875,Decreased total neutrophil count,direct,http://purl.obolibrary.org/obo/HP_0001875,Decreased total neutrophil count,equivalentClass,characteristic of,has part some > characteristic of some,restriction_filler,False,False,http://purl.obolibrary.org/obo/CL_0000775,neutrophil,False,,,,,True
http://purl.obolibrary.org/obo/HP_0001876,Pancytopenia,direct,http://purl.obolibrary.org/obo/HP_0001876,Pancytopenia,equivalentClass,characteristic of,has part some > characteristic of some,restriction_filler,False,False,http://purl.obolibrary.org/obo/CL_0000232,erythrocyte,False,,,,,True
http://purl.obolibrary.org/obo/HP_0001876,Pancytopenia,direct,http://purl.obolibrary.org/obo/HP_0001876,Pancytopenia,equivalentClass,characteristic of,has part some > characteristic of some,restriction_filler,False,False,http://purl.obolibrary.org/obo/CL_0000233,platelet,False,,,,,True
http://purl.obolibrary.org/obo/HP_0001876,Pancytopenia,direct,http://purl.obolibrary.org/obo/HP_0001876,Pancytopenia,equivalentClass,characteristic of,has part some > characteristic of some,restriction_filler,False,False,http://purl.obolibrary.org/obo/CL_0000738,leukocyte,False,,,,,True
http://purl.obolibrary.org/obo/HP_0001877,Abnormal erythrocyte morphology,direct,http://purl.obolibrary.org/obo/HP_0001877,Abnormal erythrocyte morphology,equivalentClass,characteristic of part of,has part some > characteristic of part of some,restriction_filler,False,False,http://purl.obolibrary.org/obo/CL_0000232,erythrocyte,False,,,,,True
http://purl.obolibrary.org/obo/HP_0001879,Abnormal eosinophil morphology,direct,http://purl.obolibrary.org/obo/HP_0001879,Abnormal eosinophil morphology,equivalentClass,characteristic of part of,has part some > characteristic of part of some,restriction_filler,False,False,http://purl.obolibrary.org/obo/CL_0000771,eosinophil,False,,,,,True
http://purl.obolibrary.org/obo/HP_0001880,Increased total eosinophil count,direct,http://purl.obolibrary.org/obo/HP_0001880,Increased total eosinophil count,equivalentClass,characteristic of,has part some > characteristic of some,intersection_operand,False,False,http://purl.obolibrary.org/obo/CL_0000771,eosinophil,False,,,,,True
http://purl.obolibrary.org/obo/HP_0001881,Abnormal leukocyte morphology,direct,http://purl.obolibrary.org/obo/HP_0001881,Abnormal leukocyte morphology,equivalentClass,characteristic of part of,has part some > characteristic of part of some,restriction_filler,False,False,http://purl.obolibrary.org/obo/CL_0000738,leukocyte,False,,,,,True
http://purl.obolibrary.org/obo/HP_0001882,Decreased total leukocyte count,direct,http://purl.obolibrary.org/obo/HP_0001882,Decreased total leukocyte count,equivalentClass,characteristic of,has part some > characteristic of some,intersection_operand,False,False,http://purl.obolibrary.org/obo/CL_0000738,leukocyte,False,,,,,True
http://purl.obolibrary.org/obo/HP_0001888,Decreased total lymphocyte count,direct,http://purl.obolibrary.org/obo/HP_0001888,Decreased total lymphocyte count,equivalentClass,characteristic of,has part some > characteristic of some,intersection_operand,False,False,http://purl.obolibrary.org/obo/CL_0000542,lymphocyte,False,,,,,True
http://purl.obolibrary.org/obo/HP_0001894,Thrombocytosis,direct,http://purl.obolibrary.org/obo/HP_0001894,Thrombocytosis,equivalentClass,characteristic of,has part some > characteristic of some,intersection_operand,False,False,http://purl.obolibrary.org/obo/CL_0000233,platelet,False,,,,,True
http://purl.obolibrary.org/obo/HP_0001896,Reticulocytopenia,direct,http://purl.obolibrary.org/obo/HP_0001896,Reticulocytopenia,equivalentClass,characteristic of,has part some > characteristic of some,restriction_filler,False,False,http://purl.obolibrary.org/obo/CL_0000558,reticulocyte,False,,,,,True
http://purl.obolibrary.org/obo/HP_0001898,Increased red blood cell mass,direct,http://purl.obolibrary.org/obo/HP_0001898,Increased red blood cell mass,equivalentClass,characteristic of,has part some > characteristic of some,restriction_filler,False,False,http://purl.obolibrary.org/obo/CL_0000764,erythroid lineage cell,False,,,,,True
http://purl.obolibrary.org/obo/HP_0001901,Polycythemia,direct,http://purl.obolibrary.org/obo/HP_0001901,Polycythemia,equivalentClass,towards,has part some > towards some,restriction_filler,False,False,http://purl.obolibrary.org/obo/CL_0000081,blood cell,False,,,,,True
http://purl.obolibrary.org/obo/HP_0001902,Giant platelets,direct,http://purl.obolibrary.org/obo/HP_0001902,Giant platelets,equivalentClass,characteristic of,has part some > characteristic of some,restriction_filler,False,False,http://purl.obolibrary.org/obo/CL_0000233,platelet,False,,,,,True
http://purl.obolibrary.org/obo/HP_0001903,Anemia,direct,http://purl.obolibrary.org/obo/HP_0001903,Anemia,equivalentClass,characteristic of,has part some > characteristic of some,restriction_filler,True,False,http://purl.obolibrary.org/obo/CL_0000232,erythrocyte,False,,,,,True
http://purl.obolibrary.org/obo/HP_0001911,Abnormal granulocyte morphology,direct,http://purl.obolibrary.org/obo/HP_0001911,Abnormal granulocyte morphology,equivalentClass,characteristic of part of,has part some > characteristic of part of some,restriction_filler,False,False,http://purl.obolibrary.org/obo/CL_0000094,granulocyte,False,,,,,True
http://purl.obolibrary.org/obo/HP_0001912,Abnormal basophil morphology,direct,http://purl.obolibrary.org/obo/HP_0001912,Abnormal basophil morphology,equivalentClass,characteristic of part of,has part some > characteristic of part of some,restriction_filler,False,False,http://purl.obolibrary.org/obo/CL_0000767,basophil,False,,,,,True
http://purl.obolibrary.org/obo/HP_0001913,Decreased total granulocyte count,direct,http://purl.obolibrary.org/obo/HP_0001913,Decreased total granulocyte count,equivalentClass,characteristic of,has part some > characteristic of some,intersection_operand,False,False,http://purl.obolibrary.org/obo/CL_0000094,granulocyte,False,,,,,True
http://purl.obolibrary.org/obo/HP_0001922,Vacuolated lymphocytes,direct,http://purl.obolibrary.org/obo/HP_0001922,Vacuolated lymphocytes,equivalentClass,characteristic of,has part some > characteristic of some,restriction_filler,False,False,http://purl.obolibrary.org/obo/CL_0000542,lymphocyte,False,,,,,True
http://purl.obolibrary.org/obo/HP_0001923,Reticulocytosis,direct,http://purl.obolibrary.org/obo/HP_0001923,Reticulocytosis,equivalentClass,characteristic of,has part some > characteristic of some,restriction_filler,False,False,http://purl.obolibrary.org/obo/CL_0000558,reticulocyte,False,,,,,True
http://purl.obolibrary.org/obo/HP_0001952,Glucose intolerance,direct,http://purl.obolibrary.org/obo/HP_0001952,Glucose intolerance,equivalentClass,characteristic of,has part some > characteristic of some,restriction_filler,False,False,http://purl.obolibrary.org/obo/CL_0000000,cell,False,,,,,True
http://purl.obolibrary.org/obo/HP_0001974,Increased total leukocyte count,direct,http://purl.obolibrary.org/obo/HP_0001974,Increased total leukocyte count,equivalentClass,characteristic of,has part some > characteristic of some,intersection_operand,False,False,http://purl.obolibrary.org/obo/CL_0000738,leukocyte,False,,,,,True
http://purl.obolibrary.org/obo/HP_0002282,Gray matter heterotopia,direct,http://purl.obolibrary.org/obo/HP_0002282,Gray matter heterotopia,equivalentClass,characteristic of,has part some > characteristic of some,restriction_filler,False,False,http://purl.obolibrary.org/obo/CL_0002319,neural cell,False,,,,,True
http://purl.obolibrary.org/obo/HP_0002398,Degeneration of anterior horn cells,direct,http://purl.obolibrary.org/obo/HP_0002398,Degeneration of anterior horn cells,equivalentClass,characteristic of,has part some > characteristic of some,restriction_filler,False,False,http://purl.obolibrary.org/obo/CL_0000100,motor neuron,False,,,,,True
http://purl.obolibrary.org/obo/HP_0002446,Astrocytosis,direct,http://purl.obolibrary.org/obo/HP_0002446,Astrocytosis,equivalentClass,occurs in,has part some > characteristic of part of some > occurs in some,restriction_filler,False,False,http://purl.obolibrary.org/obo/CL_0000127,astrocyte,False,,,,,True
http://purl.obolibrary.org/obo/HP_0002450,Abnormal motor neuron morphology,direct,http://purl.obolibrary.org/obo/HP_0002450,Abnormal motor neuron morphology,equivalentClass,characteristic of,has part some > characteristic of some,restriction_filler,False,False,http://purl.obolibrary.org/obo/CL_0000100,motor neuron,False,,,,,True
http://purl.obolibrary.org/obo/HP_0002493,Upper motor neuron dysfunction,direct,http://purl.obolibrary.org/obo/HP_0002493,Upper motor neuron dysfunction,equivalentClass,characteristic of,has part some > characteristic of some,intersection_operand,False,False,http://purl.obolibrary.org/obo/CL_0000540,neuron,False,,,,,True
http://purl.obolibrary.org/obo/HP_0002529,Neuronal loss in central nervous system,direct,http://purl.obolibrary.org/obo/HP_0002529,Neuronal loss in central nervous system,equivalentClass,characteristic of,has part some > characteristic of some,intersection_operand,False,False,http://purl.obolibrary.org/obo/CL_0000540,neuron,False,,,,,True
http://purl.obolibrary.org/obo/HP_0002843,Abnormal T cell morphology,direct,http://purl.obolibrary.org/obo/HP_0002843,Abnormal T cell morphology,equivalentClass,characteristic of,has part some > characteristic of some,restriction_filler,False,False,http://purl.obolibrary.org/obo/CL_0000084,T cell,False,,,,,True
http://purl.obolibrary.org/obo/HP_0002846,Abnormal B cell morphology,direct,http://purl.obolibrary.org/obo/HP_0002846,Abnormal B cell morphology,equivalentClass,characteristic of,has part some > characteristic of some,restriction_filler,False,False,http://purl.obolibrary.org/obo/CL_0000236,B cell,False,,,,,True
http://purl.obolibrary.org/obo/HP_0003134,Abnormality of peripheral nerve conduction,direct,http://purl.obolibrary.org/obo/HP_0003134,Abnormality of peripheral nerve conduction,equivalentClass,characteristic of,has part some > characteristic of some,restriction_filler,False,False,http://purl.obolibrary.org/obo/CL_2000032,peripheral nervous system neuron,False,,,,,True
http://purl.obolibrary.org/obo/HP_0003358,Elevated intracellular cystine,direct,http://purl.obolibrary.org/obo/HP_0003358,Elevated intracellular cystine,equivalentClass,part of,has part some > characteristic of some > part of some,restriction_filler,False,False,http://purl.obolibrary.org/obo/CL_0000000,cell,False,,,,,True
http://purl.obolibrary.org/obo/HP_0003557,Increased variability in muscle fiber diameter,direct,http://purl.obolibrary.org/obo/HP_0003557,Increased variability in muscle fiber diameter,equivalentClass,characteristic of,has part some > characteristic of some,restriction_filler,False,False,http://purl.obolibrary.org/obo/CL_0000188,cell of skeletal muscle,False,,,,,True
http://purl.obolibrary.org/obo/HP_0003651,Foam cells,direct,http://purl.obolibrary.org/obo/HP_0003651,Foam cells,equivalentClass,characteristic of,has part some > characteristic of some,restriction_filler,False,False,http://purl.obolibrary.org/obo/CL_0000891,foam cell,False,,,,,True
http://purl.obolibrary.org/obo/HP_0003713,Muscle fiber necrosis,direct,http://purl.obolibrary.org/obo/HP_0003713,Muscle fiber necrosis,equivalentClass,characteristic of part of,has part some > characteristic of part of some,restriction_filler,False,False,http://purl.obolibrary.org/obo/CL_0008002,skeletal muscle fiber,False,,,,,True
http://purl.obolibrary.org/obo/HP_0004303,Abnormal muscle fiber morphology,direct,http://purl.obolibrary.org/obo/HP_0004303,Abnormal muscle fiber morphology,equivalentClass,characteristic of part of,has part some > characteristic of part of some,restriction_filler,False,False,http://purl.obolibrary.org/obo/CL_0000188,cell of skeletal muscle,False,,,,,True
http://purl.obolibrary.org/obo/HP_0004311,Abnormal macrophage morphology,direct,http://purl.obolibrary.org/obo/HP_0004311,Abnormal macrophage morphology,equivalentClass,characteristic of part of,has part some > characteristic of part of some,restriction_filler,False,False,http://purl.obolibrary.org/obo/CL_0000235,macrophage,False,,,,,True
http://purl.obolibrary.org/obo/HP_0004312,Abnormal reticulocyte morphology,direct,http://purl.obolibrary.org/obo/HP_0004312,Abnormal reticulocyte morphology,equivalentClass,characteristic of part of,has part some > characteristic of part of some,restriction_filler,False,False,http://purl.obolibrary.org/obo/CL_0002422,enucleated reticulocyte,False,,,,,True
http://purl.obolibrary.org/obo/HP_0004332,Abnormal lymphocyte morphology,direct,http://purl.obolibrary.org/obo/HP_0004332,Abnormal lymphocyte morphology,equivalentClass,characteristic of part of,has part some > characteristic of part of some,restriction_filler,False,False,http://purl.obolibrary.org/obo/CL_0000542,lymphocyte,False,,,,,True
http://purl.obolibrary.org/obo/HP_0004444,Spherocytosis,direct,http://purl.obolibrary.org/obo/HP_0004444,Spherocytosis,equivalentClass,characteristic of,has part some > characteristic of some,restriction_filler,False,False,http://purl.obolibrary.org/obo/CL_0000232,erythrocyte,False,,,,,True
http://purl.obolibrary.org/obo/HP_0004447,Poikilocytosis,direct,http://purl.obolibrary.org/obo/HP_0004447,Poikilocytosis,equivalentClass,characteristic of,has part some > characteristic of some,restriction_filler,False,False,http://purl.obolibrary.org/obo/CL_0000232,erythrocyte,False,,,,,True
http://purl.obolibrary.org/obo/HP_0004808,Acute myeloid leukemia,direct,http://purl.obolibrary.org/obo/HP_0004808,Acute myeloid leukemia,equivalentClass,characteristic of,has part some > characteristic of some,restriction_filler,False,False,http://purl.obolibrary.org/obo/CL_0000835,myeloblast,False,,,,,True
http://purl.obolibrary.org/obo/HP_0004823,Anisopoikilocytosis,direct,http://purl.obolibrary.org/obo/HP_0004823,Anisopoikilocytosis,equivalentClass,characteristic of,has part some > characteristic of some,restriction_filler,False,False,http://purl.obolibrary.org/obo/CL_0000232,erythrocyte,False,,,,,True
http://purl.obolibrary.org/obo/HP_0004852,Reduced leukocyte alkaline phosphatase,direct,http://purl.obolibrary.org/obo/HP_0004852,Reduced leukocyte alkaline phosphatase,equivalentClass,part of,has part some > characteristic of some > part of some,restriction_filler,False,False,http://purl.obolibrary.org/obo/CL_0000738,leukocyte,False,,,,,True
http://purl.obolibrary.org/obo/HP_0005152,Histiocytoid cardiomyopathy,direct,http://purl.obolibrary.org/obo/HP_0005152,Histiocytoid cardiomyopathy,equivalentClass,characteristic of,has part some > characteristic of some,restriction_filler,False,False,http://purl.obolibrary.org/obo/CL_0002198,oncocyte,False,,,,,True
http://purl.obolibrary.org/obo/HP_0005372,Abnormal B cell physiology,direct,http://purl.obolibrary.org/obo/HP_0005372,Abnormal B cell physiology,equivalentClass,characteristic of,has part some > characteristic of some,restriction_filler,False,False,http://purl.obolibrary.org/obo/CL_0000236,B cell,False,,,,,True
http://purl.obolibrary.org/obo/HP_0005374,Cellular immunodeficiency,direct,http://purl.obolibrary.org/obo/HP_0005374,Cellular immunodeficiency,equivalentClass,occurs in,has part some > characteristic of some > occurs in some,restriction_filler,False,False,http://purl.obolibrary.org/obo/CL_0000000,cell,False,,,,,True
http://purl.obolibrary.org/obo/HP_0005400,Reduction of neutrophil motility,direct,http://purl.obolibrary.org/obo/HP_0005400,Reduction of neutrophil motility,equivalentClass,characteristic of,has part some > characteristic of some,restriction_filler,False,False,http://purl.obolibrary.org/obo/CL_0000775,neutrophil,False,,,,,True
http://purl.obolibrary.org/obo/HP_0005403,Decreased total T cell count,direct,http://purl.obolibrary.org/obo/HP_0005403,Decreased total T cell count,equivalentClass,characteristic of,has part some > characteristic of some,restriction_filler,False,False,http://purl.obolibrary.org/obo/CL_0000084,T cell,False,,,,,True
http://purl.obolibrary.org/obo/HP_0005404,Increased total B cell count,direct,http://purl.obolibrary.org/obo/HP_0005404,Increased total B cell count,equivalentClass,characteristic of,has part some > characteristic of some,restriction_filler,False,False,http://purl.obolibrary.org/obo/CL_0000236,B cell,False,,,,,True
http://purl.obolibrary.org/obo/HP_0005415,Decreased total CD8+ T cell proportion,direct,http://purl.obolibrary.org/obo/HP_0005415,Decreased total CD8+ T cell proportion,equivalentClass,towards,has part some > towards some,restriction_filler,False,False,http://purl.obolibrary.org/obo/CL_0000084,T cell,False,,,,,True
http://purl.obolibrary.org/obo/HP_0005415,Decreased total CD8+ T cell proportion,direct,http://purl.obolibrary.org/obo/HP_0005415,Decreased total CD8+ T cell proportion,equivalentClass,characteristic of,has part some > characteristic of some,intersection_operand,False,False,http://purl.obolibrary.org/obo/CL_0000625,"CD8-positive, alpha-beta T cell",False,,,,,True
http://purl.obolibrary.org/obo/HP_0005422,Absence of CD8+ T cells,direct,http://purl.obolibrary.org/obo/HP_0005422,Absence of CD8+ T cells,equivalentClass,characteristic of,has part some > characteristic of some,restriction_filler,False,False,http://purl.obolibrary.org/obo/CL_0000625,"CD8-positive, alpha-beta T cell",False,,,,,True
http://purl.obolibrary.org/obo/HP_0005510,Transient erythroblastopenia,direct,http://purl.obolibrary.org/obo/HP_0005510,Transient erythroblastopenia,equivalentClass,characteristic of,has part some > characteristic of some,intersection_operand,False,False,http://purl.obolibrary.org/obo/CL_0000765,erythroblast,False,,,,,True
http://purl.obolibrary.org/obo/HP_0005513,Increased megakaryocyte count,direct,http://purl.obolibrary.org/obo/HP_0005513,Increased megakaryocyte count,equivalentClass,characteristic of,has part some > characteristic of some,intersection_operand,False,False,http://purl.obolibrary.org/obo/CL_0000556,megakaryocyte,False,,,,,True
http://purl.obolibrary.org/obo/HP_0005537,Decreased mean platelet volume,direct,http://purl.obolibrary.org/obo/HP_0005537,Decreased mean platelet volume,equivalentClass,characteristic of,has part some > characteristic of some,restriction_filler,False,False,http://purl.obolibrary.org/obo/CL_0000233,platelet,False,,,,,True
http://purl.obolibrary.org/obo/HP_0005548,Megakaryocytopenia,direct,http://purl.obolibrary.org/obo/HP_0005548,Megakaryocytopenia,equivalentClass,characteristic of,has part some > characteristic of some,restriction_filler,False,False,http://purl.obolibrary.org/obo/CL_0000556,megakaryocyte,False,,,,,True
http://purl.obolibrary.org/obo/HP_0005561,Abnormal bone marrow cell morphology,direct,http://purl.obolibrary.org/obo/HP_0005561,Abnormal bone marrow cell morphology,equivalentClass,characteristic of,has part some > characteristic of some,restriction_filler,False,False,http://purl.obolibrary.org/obo/CL_0002092,bone marrow cell,False,,,,,True
http://purl.obolibrary.org/obo/HP_0006274,Reduced pancreatic beta cells,direct,http://purl.obolibrary.org/obo/HP_0006274,Reduced pancreatic beta cells,equivalentClass,characteristic of,has part some > characteristic of some,restriction_filler,False,False,http://purl.obolibrary.org/obo/CL_0000169,type B pancreatic cell,False,,,,,True
http://purl.obolibrary.org/obo/HP_0006279,Beta-cell dysfunction,direct,http://purl.obolibrary.org/obo/HP_0006279,Beta-cell dysfunction,equivalentClass,characteristic of,has part some > characteristic of some,restriction_filler,False,False,http://purl.obolibrary.org/obo/CL_0000169,type B pancreatic cell,False,,,,,True
http://purl.obolibrary.org/obo/HP_0006561,Lipid accumulation in hepatocytes,direct,http://purl.obolibrary.org/obo/HP_0006561,Lipid accumulation in hepatocytes,equivalentClass,part of,has part some > characteristic of some > part of some,restriction_filler,False,False,http://purl.obolibrary.org/obo/CL_0000182,hepatocyte,False,,,,,True
http://purl.obolibrary.org/obo/HP_0006802,Abnormal anterior horn cell morphology,direct,http://purl.obolibrary.org/obo/HP_0006802,Abnormal anterior horn cell morphology,equivalentClass,characteristic of,has part some > characteristic of some,restriction_filler,False,False,http://purl.obolibrary.org/obo/CL_0011001,spinal cord motor neuron,False,,,,,True
http://purl.obolibrary.org/obo/HP_0006959,Proximal spinal muscular atrophy,direct,http://purl.obolibrary.org/obo/HP_0006959,Proximal spinal muscular atrophy,equivalentClass,towards,has part some > towards some,restriction_filler,False,False,http://purl.obolibrary.org/obo/CL_0000100,motor neuron,False,,,,,True
http://purl.obolibrary.org/obo/HP_0007001,Loss of Purkinje cells in the cerebellar vermis,direct,http://purl.obolibrary.org/obo/HP_0007001,Loss of Purkinje cells in the cerebellar vermis,equivalentClass,towards,has part some > towards some,restriction_filler,False,False,http://purl.obolibrary.org/obo/CL_0000121,Purkinje cell,False,,,,,True
http://purl.obolibrary.org/obo/HP_0007190,Neuronal loss in the cerebral cortex,direct,http://purl.obolibrary.org/obo/HP_0007190,Neuronal loss in the cerebral cortex,equivalentClass,characteristic of,has part some > characteristic of some,intersection_operand,False,False,http://purl.obolibrary.org/obo/CL_0000540,neuron,False,,,,,True
http://purl.obolibrary.org/obo/HP_0007269,Spinal muscular atrophy,direct,http://purl.obolibrary.org/obo/HP_0007269,Spinal muscular atrophy,equivalentClass,towards,has part some > towards some,restriction_filler,False,False,http://purl.obolibrary.org/obo/CL_0000100,motor neuron,False,,,,,True
http://purl.obolibrary.org/obo/HP_0007373,Motor neuron atrophy,direct,http://purl.obolibrary.org/obo/HP_0007373,Motor neuron atrophy,equivalentClass,characteristic of,has part some > characteristic of some,restriction_filler,False,False,http://purl.obolibrary.org/obo/CL_0000100,motor neuron,False,,,,,True
http://purl.obolibrary.org/obo/HP_0008161,Absent leukocyte alkaline phosphatase,direct,http://purl.obolibrary.org/obo/HP_0008161,Absent leukocyte alkaline phosphatase,equivalentClass,part of,has part some > characteristic of some > part of some,restriction_filler,False,False,http://purl.obolibrary.org/obo/CL_0000738,leukocyte,False,,,,,True
http://purl.obolibrary.org/obo/HP_0008318,Elevated leukocyte alkaline phosphatase,direct,http://purl.obolibrary.org/obo/HP_0008318,Elevated leukocyte alkaline phosphatase,equivalentClass,part of,has part some > characteristic of some > part of some,restriction_filler,False,False,http://purl.obolibrary.org/obo/CL_0000738,leukocyte,False,,,,,True
http://purl.obolibrary.org/obo/HP_0010789,Abnormality of the Leydig cells,direct,http://purl.obolibrary.org/obo/HP_0010789,Abnormality of the Leydig cells,equivalentClass,characteristic of part of,has part some > characteristic of part of some,restriction_filler,False,False,http://purl.obolibrary.org/obo/CL_0000178,Leydig cell,False,,,,,True
http://purl.obolibrary.org/obo/HP_0010790,Hypoplasia of the Leydig cells,direct,http://purl.obolibrary.org/obo/HP_0010790,Hypoplasia of the Leydig cells,equivalentClass,characteristic of,has part some > characteristic of some,restriction_filler,False,False,http://purl.obolibrary.org/obo/CL_0000178,Leydig cell,False,,,,,True
http://purl.obolibrary.org/obo/HP_0010791,Hyperplasia of the Leydig cells,direct,http://purl.obolibrary.org/obo/HP_0010791,Hyperplasia of the Leydig cells,equivalentClass,characteristic of,has part some > characteristic of some,restriction_filler,False,False,http://purl.obolibrary.org/obo/CL_0000178,Leydig cell,False,,,,,True
http://purl.obolibrary.org/obo/HP_0010974,Abnormal myeloid leukocyte morphology,direct,http://purl.obolibrary.org/obo/HP_0010974,Abnormal myeloid leukocyte morphology,equivalentClass,characteristic of,has part some > characteristic of some,restriction_filler,False,False,http://purl.obolibrary.org/obo/CL_0000766,myeloid leukocyte,False,,,,,True
http://purl.obolibrary.org/obo/HP_0010975,Abnormal total B cell count,direct,http://purl.obolibrary.org/obo/HP_0010975,Abnormal total B cell count,equivalentClass,characteristic of,has part some > characteristic of some,restriction_filler,False,False,http://purl.obolibrary.org/obo/CL_0000236,B cell,False,,,,,True
http://purl.obolibrary.org/obo/HP_0010976,Decreased total B cell count,direct,http://purl.obolibrary.org/obo/HP_0010976,Decreased total B cell count,equivalentClass,characteristic of,has part some > characteristic of some,restriction_filler,False,False,http://purl.obolibrary.org/obo/CL_0000236,B cell,False,,,,,True
http://purl.obolibrary.org/obo/HP_0011017,Abnormal cellular physiology,direct,http://purl.obolibrary.org/obo/HP_0011017,Abnormal cellular physiology,equivalentClass,characteristic of,has part some > characteristic of some,restriction_filler,False,False,http://purl.obolibrary.org/obo/CL_0000000,cell,False,,,,,True
http://purl.obolibrary.org/obo/HP_0011839,Abnormal total T cell number,direct,http://purl.obolibrary.org/obo/HP_0011839,Abnormal total T cell number,equivalentClass,characteristic of,has part some > characteristic of some,restriction_filler,False,False,http://purl.obolibrary.org/obo/CL_0000084,T cell,False,,,,,True
http://purl.obolibrary.org/obo/HP_0011840,Abnormal T cell physiology,direct,http://purl.obolibrary.org/obo/HP_0011840,Abnormal T cell physiology,equivalentClass,characteristic of,has part some > characteristic of some,restriction_filler,False,False,http://purl.obolibrary.org/obo/CL_0000084,T cell,False,,,,,True
http://purl.obolibrary.org/obo/HP_0011869,Abnormal platelet function,direct,http://purl.obolibrary.org/obo/HP_0011869,Abnormal platelet function,equivalentClass,characteristic of,has part some > characteristic of some,restriction_filler,False,False,http://purl.obolibrary.org/obo/CL_0000233,platelet,False,,,,,True
http://purl.obolibrary.org/obo/HP_0011873,Abnormal platelet count,direct,http://purl.obolibrary.org/obo/HP_0011873,Abnormal platelet count,equivalentClass,characteristic of,has part some > characteristic of some,restriction_filler,False,False,http://purl.obolibrary.org/obo/CL_0000233,platelet,False,,,,,True
http://purl.obolibrary.org/obo/HP_0011875,Abnormal platelet morphology,direct,http://purl.obolibrary.org/obo/HP_0011875,Abnormal platelet morphology,equivalentClass,characteristic of,has part some > characteristic of some,restriction_filler,False,False,http://purl.obolibrary.org/obo/CL_0000233,platelet,False,,,,,True
http://purl.obolibrary.org/obo/HP_0011876,Abnormal platelet volume,direct,http://purl.obolibrary.org/obo/HP_0011876,Abnormal platelet volume,equivalentClass,characteristic of,has part some > characteristic of some,restriction_filler,False,False,http://purl.obolibrary.org/obo/CL_0000233,platelet,False,,,,,True
http://purl.obolibrary.org/obo/HP_0011877,Increased mean platelet volume,direct,http://purl.obolibrary.org/obo/HP_0011877,Increased mean platelet volume,equivalentClass,characteristic of,has part some > characteristic of some,restriction_filler,False,False,http://purl.obolibrary.org/obo/CL_0000233,platelet,False,,,,,True
http://purl.obolibrary.org/obo/HP_0011893,Abnormal leukocyte count,direct,http://purl.obolibrary.org/obo/HP_0011893,Abnormal leukocyte count,equivalentClass,characteristic of,has part some > characteristic of some,restriction_filler,False,False,http://purl.obolibrary.org/obo/CL_0000738,leukocyte,False,,,,,True
http://purl.obolibrary.org/obo/HP_0011990,Abnormal neutrophil physiology,direct,http://purl.obolibrary.org/obo/HP_0011990,Abnormal neutrophil physiology,equivalentClass,characteristic of,has part some > characteristic of some,restriction_filler,False,False,http://purl.obolibrary.org/obo/CL_0000775,neutrophil,False,,,,,True
http://purl.obolibrary.org/obo/HP_0011991,Abnormal total neutrophil count,direct,http://purl.obolibrary.org/obo/HP_0011991,Abnormal total neutrophil count,equivalentClass,characteristic of,has part some > characteristic of some,restriction_filler,False,False,http://purl.obolibrary.org/obo/CL_0000775,neutrophil,False,,,,,True
http://purl.obolibrary.org/obo/HP_0011992,Abnormal neutrophil morphology,direct,http://purl.obolibrary.org/obo/HP_0011992,Abnormal neutrophil morphology,equivalentClass,characteristic of part of,has part some > characteristic of part of some,restriction_filler,False,False,http://purl.obolibrary.org/obo/CL_0000775,neutrophil,False,,,,,True
http://purl.obolibrary.org/obo/HP_0012084,Abnormality of skeletal muscle fiber size,direct,http://purl.obolibrary.org/obo/HP_0012084,Abnormality of skeletal muscle fiber size,equivalentClass,characteristic of,has part some > characteristic of some,restriction_filler,False,False,http://purl.obolibrary.org/obo/CL_0008002,skeletal muscle fiber,False,,,,,True
http://purl.obolibrary.org/obo/HP_0012085,Pyuria,direct,http://purl.obolibrary.org/obo/HP_0012085,Pyuria,equivalentClass,characteristic of,has part some > characteristic of some,intersection_operand,False,False,http://purl.obolibrary.org/obo/CL_0000775,neutrophil,False,,,,,True
http://purl.obolibrary.org/obo/HP_0012130,Abnormal erythroid lineage cell morphology,direct,http://purl.obolibrary.org/obo/HP_0012130,Abnormal erythroid lineage cell morphology,equivalentClass,characteristic of part of,has part some > characteristic of part of some,restriction_filler,False,False,http://purl.obolibrary.org/obo/CL_0000764,erythroid lineage cell,False,,,,,True
http://purl.obolibrary.org/obo/HP_0012131,Abnormal number of erythroid precursors,direct,http://purl.obolibrary.org/obo/HP_0012131,Abnormal number of erythroid precursors,equivalentClass,characteristic of,has part some > characteristic of some,restriction_filler,False,False,http://purl.obolibrary.org/obo/CL_0000038,erythroid progenitor cell,False,,,,,True
http://purl.obolibrary.org/obo/HP_0012132,Erythroid hyperplasia,direct,http://purl.obolibrary.org/obo/HP_0012132,Erythroid hyperplasia,equivalentClass,characteristic of,has part some > characteristic of some,restriction_filler,False,False,http://purl.obolibrary.org/obo/CL_0000038,erythroid progenitor cell,False,,,,,True
http://purl.obolibrary.org/obo/HP_0012133,Erythroid hypoplasia,direct,http://purl.obolibrary.org/obo/HP_0012133,Erythroid hypoplasia,equivalentClass,characteristic of,has part some > characteristic of some,restriction_filler,False,False,http://purl.obolibrary.org/obo/CL_0000038,erythroid progenitor cell,False,,,,,True
http://purl.obolibrary.org/obo/HP_0012135,Abnormal granulocytopoietic cell morphology,direct,http://purl.obolibrary.org/obo/HP_0012135,Abnormal granulocytopoietic cell morphology,equivalentClass,characteristic of part of,has part some > characteristic of part of some,restriction_filler,False,False,http://purl.obolibrary.org/obo/CL_0002191,granulocytopoietic cell,False,,,,,True
http://purl.obolibrary.org/obo/HP_0012137,Abnormal number of granulocyte precursors,direct,http://purl.obolibrary.org/obo/HP_0012137,Abnormal number of granulocyte precursors,equivalentClass,characteristic of part of,has part some > characteristic of part of some,restriction_filler,False,False,http://purl.obolibrary.org/obo/CL_0002191,granulocytopoietic cell,False,,,,,True
http://purl.obolibrary.org/obo/HP_0012138,Granulocytic hyperplasia,direct,http://purl.obolibrary.org/obo/HP_0012138,Granulocytic hyperplasia,equivalentClass,characteristic of part of,has part some > characteristic of part of some,restriction_filler,False,False,http://purl.obolibrary.org/obo/CL_0002191,granulocytopoietic cell,False,,,,,True
http://purl.obolibrary.org/obo/HP_0012139,Granulocytic hypoplasia,direct,http://purl.obolibrary.org/obo/HP_0012139,Granulocytic hypoplasia,equivalentClass,characteristic of part of,has part some > characteristic of part of some,restriction_filler,False,False,http://purl.obolibrary.org/obo/CL_0002191,granulocytopoietic cell,False,,,,,True
http://purl.obolibrary.org/obo/HP_0012143,Abnormal megakaryocyte morphology,direct,http://purl.obolibrary.org/obo/HP_0012143,Abnormal megakaryocyte morphology,equivalentClass,characteristic of part of,has part some > characteristic of part of some,restriction_filler,False,False,http://purl.obolibrary.org/obo/CL_0000556,megakaryocyte,False,,,,,True
http://purl.obolibrary.org/obo/HP_0012144,Abnormal monocyte morphology,direct,http://purl.obolibrary.org/obo/HP_0012144,Abnormal monocyte morphology,equivalentClass,characteristic of part of,has part some > characteristic of part of some,restriction_filler,False,False,http://purl.obolibrary.org/obo/CL_0000576,monocyte,False,,,,,True
http://purl.obolibrary.org/obo/HP_0012176,Abnormal natural killer cell morphology,direct,http://purl.obolibrary.org/obo/HP_0012176,Abnormal natural killer cell morphology,equivalentClass,characteristic of,has part some > characteristic of some,restriction_filler,False,False,http://purl.obolibrary.org/obo/CL_0000623,natural killer cell,False,,,,,True
http://purl.obolibrary.org/obo/HP_0012177,Abnormal natural killer cell physiology,direct,http://purl.obolibrary.org/obo/HP_0012177,Abnormal natural killer cell physiology,equivalentClass,characteristic of,has part some > characteristic of some,restriction_filler,False,False,http://purl.obolibrary.org/obo/CL_0000623,natural killer cell,False,,,,,True
http://purl.obolibrary.org/obo/HP_0012187,Increased erythrocyte protoporphyrin concentration,direct,http://purl.obolibrary.org/obo/HP_0012187,Increased erythrocyte protoporphyrin concentration,equivalentClass,part of,has part some > characteristic of some > part of some,restriction_filler,False,False,http://purl.obolibrary.org/obo/CL_0000232,erythrocyte,False,,,,,True
http://purl.obolibrary.org/obo/HP_0012234,Absence of circulating granulocytes,direct,http://purl.obolibrary.org/obo/HP_0012234,Absence of circulating granulocytes,equivalentClass,characteristic of,has part some > characteristic of some,restriction_filler,False,False,http://purl.obolibrary.org/obo/CL_0000094,granulocyte,False,,,,,True
http://purl.obolibrary.org/obo/HP_0012261,Abnormal respiratory motile cilium physiology,direct,http://purl.obolibrary.org/obo/HP_0012261,Abnormal respiratory motile cilium physiology,equivalentClass,characteristic of,has part some > characteristic of some,restriction_filler,False,False,http://purl.obolibrary.org/obo/CL_0002368,respiratory tract epithelial cell,False,,,,,True
http://purl.obolibrary.org/obo/HP_0012310,Abnormal monocyte count,direct,http://purl.obolibrary.org/obo/HP_0012310,Abnormal monocyte count,equivalentClass,characteristic of,has part some > characteristic of some,restriction_filler,False,False,http://purl.obolibrary.org/obo/CL_0000576,monocyte,False,,,,,True
http://purl.obolibrary.org/obo/HP_0012311,Increased total monocyte count,direct,http://purl.obolibrary.org/obo/HP_0012311,Increased total monocyte count,equivalentClass,characteristic of,has part some > characteristic of some,restriction_filler,False,False,http://purl.obolibrary.org/obo/CL_0000576,monocyte,False,,,,,True
http://purl.obolibrary.org/obo/HP_0012312,Decreased total monocyte count,direct,http://purl.obolibrary.org/obo/HP_0012312,Decreased total monocyte count,equivalentClass,characteristic of,has part some > characteristic of some,restriction_filler,False,False,http://purl.obolibrary.org/obo/CL_0000576,monocyte,False,,,,,True
http://purl.obolibrary.org/obo/HP_0012524,Abnormal platelet shape,direct,http://purl.obolibrary.org/obo/HP_0012524,Abnormal platelet shape,equivalentClass,characteristic of,has part some > characteristic of some,restriction_filler,False,False,http://purl.obolibrary.org/obo/CL_0000233,platelet,False,,,,,True
http://purl.obolibrary.org/obo/HP_0012757,Abnormal neuron morphology,direct,http://purl.obolibrary.org/obo/HP_0012757,Abnormal neuron morphology,equivalentClass,characteristic of,has part some > characteristic of some,restriction_filler,False,False,http://purl.obolibrary.org/obo/CL_0000540,neuron,False,,,,,True
http://purl.obolibrary.org/obo/HP_0012862,Abnormal germ cell morphology,direct,http://purl.obolibrary.org/obo/HP_0012862,Abnormal germ cell morphology,equivalentClass,characteristic of,has part some > characteristic of some,restriction_filler,False,False,http://purl.obolibrary.org/obo/CL_0000586,germ cell,False,,,,,True
http://purl.obolibrary.org/obo/HP_0012863,Abnormal male germ cell morphology,direct,http://purl.obolibrary.org/obo/HP_0012863,Abnormal male germ cell morphology,equivalentClass,characteristic of,has part some > characteristic of some,restriction_filler,False,False,http://purl.obolibrary.org/obo/CL_0000015,male germ cell,False,,,,,True
http://purl.obolibrary.org/obo/HP_0012864,Abnormal sperm morphology,direct,http://purl.obolibrary.org/obo/HP_0012864,Abnormal sperm morphology,equivalentClass,characteristic of,has part some > characteristic of some,restriction_filler,False,False,http://purl.obolibrary.org/obo/CL_0000019,sperm,False,,,,,True
http://purl.obolibrary.org/obo/HP_0020047,Abnormal myeloid cell morphology,direct,http://purl.obolibrary.org/obo/HP_0020047,Abnormal myeloid cell morphology,equivalentClass,characteristic of,has part some > characteristic of some,restriction_filler,False,False,http://purl.obolibrary.org/obo/CL_0000763,myeloid cell,False,,,,,True
http://purl.obolibrary.org/obo/HP_0020054,Abnormal erythrocyte physiology,direct,http://purl.obolibrary.org/obo/HP_0020054,Abnormal erythrocyte physiology,equivalentClass,characteristic of,has part some > characteristic of some,restriction_filler,False,False,http://purl.obolibrary.org/obo/CL_0000232,erythrocyte,False,,,,,True
http://purl.obolibrary.org/obo/HP_0020064,Abnormal total eosinophil count,direct,http://purl.obolibrary.org/obo/HP_0020064,Abnormal total eosinophil count,equivalentClass,characteristic of,has part some > characteristic of some,intersection_operand,False,False,http://purl.obolibrary.org/obo/CL_0000771,eosinophil,False,,,,,True
http://purl.obolibrary.org/obo/HP_0020111,Abnormal regulatory T cell proportion,direct,http://purl.obolibrary.org/obo/HP_0020111,Abnormal regulatory T cell proportion,equivalentClass,towards,has part some > towards some,restriction_filler,False,False,http://purl.obolibrary.org/obo/CL_0000000,cell,False,,,,,True
http://purl.obolibrary.org/obo/HP_0020111,Abnormal regulatory T cell proportion,direct,http://purl.obolibrary.org/obo/HP_0020111,Abnormal regulatory T cell proportion,equivalentClass,characteristic of,has part some > characteristic of some,intersection_operand,False,False,http://purl.obolibrary.org/obo/CL_0000792,"CD4-positive, CD25-positive, alpha-beta regulatory T cell",False,,,,,True
http://purl.obolibrary.org/obo/HP_0020112,Increased regulatory T cell proportion,direct,http://purl.obolibrary.org/obo/HP_0020112,Increased regulatory T cell proportion,equivalentClass,towards,has part some > towards some,restriction_filler,False,False,http://purl.obolibrary.org/obo/CL_0000000,cell,False,,,,,True
http://purl.obolibrary.org/obo/HP_0020112,Increased regulatory T cell proportion,direct,http://purl.obolibrary.org/obo/HP_0020112,Increased regulatory T cell proportion,equivalentClass,characteristic of,has part some > characteristic of some,intersection_operand,False,False,http://purl.obolibrary.org/obo/CL_0000792,"CD4-positive, CD25-positive, alpha-beta regulatory T cell",False,,,,,True
http://purl.obolibrary.org/obo/HP_0020113,Decreased regulatory T cell proportion,direct,http://purl.obolibrary.org/obo/HP_0020113,Decreased regulatory T cell proportion,equivalentClass,towards,has part some > towards some,restriction_filler,False,False,http://purl.obolibrary.org/obo/CL_0000000,cell,False,,,,,True
http://purl.obolibrary.org/obo/HP_0020113,Decreased regulatory T cell proportion,direct,http://purl.obolibrary.org/obo/HP_0020113,Decreased regulatory T cell proportion,equivalentClass,characteristic of,has part some > characteristic of some,intersection_operand,False,False,http://purl.obolibrary.org/obo/CL_0000792,"CD4-positive, CD25-positive, alpha-beta regulatory T cell",False,,,,,True
http://purl.obolibrary.org/obo/HP_0020177,Abnormal CD8+ TEMRA T cell proportion,direct,http://purl.obolibrary.org/obo/HP_0020177,Abnormal CD8+ TEMRA T cell proportion,equivalentClass,towards,has part some > towards some,restriction_filler,False,False,http://purl.obolibrary.org/obo/CL_0000084,T cell,False,,,,,True
http://purl.obolibrary.org/obo/HP_0020177,Abnormal CD8+ TEMRA T cell proportion,direct,http://purl.obolibrary.org/obo/HP_0020177,Abnormal CD8+ TEMRA T cell proportion,equivalentClass,characteristic of,has part some > characteristic of some,intersection_operand,False,False,http://purl.obolibrary.org/obo/CL_0001062,"effector memory CD8-positive, alpha-beta T cell, terminally differentiated",False,,,,,True
http://purl.obolibrary.org/obo/HP_0025029,Abnormal enteric neuron morphology,direct,http://purl.obolibrary.org/obo/HP_0025029,Abnormal enteric neuron morphology,equivalentClass,characteristic of,has part some > characteristic of some,restriction_filler,False,False,http://purl.obolibrary.org/obo/CL_0007011,enteric neuron,False,,,,,True
http://purl.obolibrary.org/obo/HP_0025030,Enteric neuronal degeneration,direct,http://purl.obolibrary.org/obo/HP_0025030,Enteric neuronal degeneration,equivalentClass,characteristic of,has part some > characteristic of some,restriction_filler,False,False,http://purl.obolibrary.org/obo/CL_0007011,enteric neuron,False,,,,,True
http://purl.obolibrary.org/obo/HP_0025034,Abnormal morphology of erythroid progenitor cell,direct,http://purl.obolibrary.org/obo/HP_0025034,Abnormal morphology of erythroid progenitor cell,equivalentClass,characteristic of part of,has part some > characteristic of part of some,restriction_filler,False,False,http://purl.obolibrary.org/obo/CL_0000038,erythroid progenitor cell,False,,,,,True
http://purl.obolibrary.org/obo/HP_0025035,Abnormal proerythroblast morphology,direct,http://purl.obolibrary.org/obo/HP_0025035,Abnormal proerythroblast morphology,equivalentClass,characteristic of part of,has part some > characteristic of part of some,restriction_filler,False,False,http://purl.obolibrary.org/obo/CL_0000547,proerythroblast,False,,,,,True
http://purl.obolibrary.org/obo/HP_0025354,Abnormal cellular phenotype,direct,http://purl.obolibrary.org/obo/HP_0025354,Abnormal cellular phenotype,equivalentClass,characteristic of part of,has part some > characteristic of part of some,restriction_filler,False,False,http://purl.obolibrary.org/obo/CL_0000000,cell,False,,,,,True
http://purl.obolibrary.org/obo/HP_0025461,Abnormal cell morphology,direct,http://purl.obolibrary.org/obo/HP_0025461,Abnormal cell morphology,equivalentClass,characteristic of,has part some > characteristic of some,restriction_filler,False,False,http://purl.obolibrary.org/obo/CL_0000000,cell,False,,,,,True
http://purl.obolibrary.org/obo/HP_0025624,Decreased effector memory CD4+ T cell proportion,direct,http://purl.obolibrary.org/obo/HP_0025624,Decreased effector memory CD4+ T cell proportion,equivalentClass,towards,has part some > towards some,restriction_filler,False,False,http://purl.obolibrary.org/obo/CL_0000084,T cell,False,,,,,True
http://purl.obolibrary.org/obo/HP_0025624,Decreased effector memory CD4+ T cell proportion,direct,http://purl.obolibrary.org/obo/HP_0025624,Decreased effector memory CD4+ T cell proportion,equivalentClass,characteristic of,has part some > characteristic of some,intersection_operand,False,False,http://purl.obolibrary.org/obo/CL_0001044,"effector CD4-positive, alpha-beta T cell",False,,,,,True
http://purl.obolibrary.org/obo/HP_0025625,Increased effector memory CD4+ T cell proportion,direct,http://purl.obolibrary.org/obo/HP_0025625,Increased effector memory CD4+ T cell proportion,equivalentClass,towards,has part some > towards some,restriction_filler,False,False,http://purl.obolibrary.org/obo/CL_0000084,T cell,False,,,,,True
http://purl.obolibrary.org/obo/HP_0025625,Increased effector memory CD4+ T cell proportion,direct,http://purl.obolibrary.org/obo/HP_0025625,Increased effector memory CD4+ T cell proportion,equivalentClass,characteristic of,has part some > characteristic of some,intersection_operand,False,False,http://purl.obolibrary.org/obo/CL_0001044,"effector CD4-positive, alpha-beta T cell",False,,,,,True
http://purl.obolibrary.org/obo/HP_0030089,Abnormal muscle fiber protein expression,direct,http://purl.obolibrary.org/obo/HP_0030089,Abnormal muscle fiber protein expression,equivalentClass,part of,has part some > characteristic of some > part of some,restriction_filler,False,False,http://purl.obolibrary.org/obo/CL_0008002,skeletal muscle fiber,False,,,,,True
http://purl.obolibrary.org/obo/HP_0030326,Abnormal macrophage count,direct,http://purl.obolibrary.org/obo/HP_0030326,Abnormal macrophage count,equivalentClass,characteristic of,has part some > characteristic of some,restriction_filler,False,False,http://purl.obolibrary.org/obo/CL_0000235,macrophage,False,,,,,True
http://purl.obolibrary.org/obo/HP_0030370,Abnormal naive B cell proportion,direct,http://purl.obolibrary.org/obo/HP_0030370,Abnormal naive B cell proportion,equivalentClass,towards,has part some > towards some,restriction_filler,False,False,http://purl.obolibrary.org/obo/CL_0000236,B cell,False,,,,,True
http://purl.obolibrary.org/obo/HP_0030370,Abnormal naive B cell proportion,direct,http://purl.obolibrary.org/obo/HP_0030370,Abnormal naive B cell proportion,equivalentClass,characteristic of,has part some > characteristic of some,intersection_operand,False,False,http://purl.obolibrary.org/obo/CL_0000788,naive B cell,False,,,,,True
http://purl.obolibrary.org/obo/HP_0030371,Increased naive B cell proportion,direct,http://purl.obolibrary.org/obo/HP_0030371,Increased naive B cell proportion,equivalentClass,towards,has part some > towards some,restriction_filler,False,False,http://purl.obolibrary.org/obo/CL_0000236,B cell,False,,,,,True
http://purl.obolibrary.org/obo/HP_0030371,Increased naive B cell proportion,direct,http://purl.obolibrary.org/obo/HP_0030371,Increased naive B cell proportion,equivalentClass,characteristic of,has part some > characteristic of some,intersection_operand,False,False,http://purl.obolibrary.org/obo/CL_0000788,naive B cell,False,,,,,True
http://purl.obolibrary.org/obo/HP_0030372,Decreased naive B cell proportion,direct,http://purl.obolibrary.org/obo/HP_0030372,Decreased naive B cell proportion,equivalentClass,towards,has part some > towards some,restriction_filler,False,False,http://purl.obolibrary.org/obo/CL_0000236,B cell,False,,,,,True
http://purl.obolibrary.org/obo/HP_0030372,Decreased naive B cell proportion,direct,http://purl.obolibrary.org/obo/HP_0030372,Decreased naive B cell proportion,equivalentClass,characteristic of,has part some > characteristic of some,intersection_operand,False,False,http://purl.obolibrary.org/obo/CL_0000788,naive B cell,False,,,,,True
http://purl.obolibrary.org/obo/HP_0030373,Abnormal memory B cell proportion,direct,http://purl.obolibrary.org/obo/HP_0030373,Abnormal memory B cell proportion,equivalentClass,towards,has part some > towards some,restriction_filler,False,False,http://purl.obolibrary.org/obo/CL_0000236,B cell,False,,,,,True
http://purl.obolibrary.org/obo/HP_0030373,Abnormal memory B cell proportion,direct,http://purl.obolibrary.org/obo/HP_0030373,Abnormal memory B cell proportion,equivalentClass,characteristic of,has part some > characteristic of some,intersection_operand,False,False,http://purl.obolibrary.org/obo/CL_0000787,memory B cell,False,,,,,True
http://purl.obolibrary.org/obo/HP_0030374,Decreased memory B cell proportion,direct,http://purl.obolibrary.org/obo/HP_0030374,Decreased memory B cell proportion,equivalentClass,towards,has part some > towards some,restriction_filler,False,False,http://purl.obolibrary.org/obo/CL_0000236,B cell,False,,,,,True
http://purl.obolibrary.org/obo/HP_0030374,Decreased memory B cell proportion,direct,http://purl.obolibrary.org/obo/HP_0030374,Decreased memory B cell proportion,equivalentClass,characteristic of,has part some > characteristic of some,intersection_operand,False,False,http://purl.obolibrary.org/obo/CL_0000787,memory B cell,False,,,,,True
http://purl.obolibrary.org/obo/HP_0030375,Increased memory B cell proportion,direct,http://purl.obolibrary.org/obo/HP_0030375,Increased memory B cell proportion,equivalentClass,towards,has part some > towards some,restriction_filler,False,False,http://purl.obolibrary.org/obo/CL_0000236,B cell,False,,,,,True
http://purl.obolibrary.org/obo/HP_0030375,Increased memory B cell proportion,direct,http://purl.obolibrary.org/obo/HP_0030375,Increased memory B cell proportion,equivalentClass,characteristic of,has part some > characteristic of some,intersection_operand,False,False,http://purl.obolibrary.org/obo/CL_0000787,memory B cell,False,,,,,True
http://purl.obolibrary.org/obo/HP_0030376,Abnormal immature B cell proportion,direct,http://purl.obolibrary.org/obo/HP_0030376,Abnormal immature B cell proportion,equivalentClass,towards,has part some > towards some,restriction_filler,False,False,http://purl.obolibrary.org/obo/CL_0000236,B cell,False,,,,,True
http://purl.obolibrary.org/obo/HP_0030376,Abnormal immature B cell proportion,direct,http://purl.obolibrary.org/obo/HP_0030376,Abnormal immature B cell proportion,equivalentClass,characteristic of,has part some > characteristic of some,intersection_operand,False,False,http://purl.obolibrary.org/obo/CL_0000816,immature B cell,False,,,,,True
http://purl.obolibrary.org/obo/HP_0030377,Increased immature B cell proportion,direct,http://purl.obolibrary.org/obo/HP_0030377,Increased immature B cell proportion,equivalentClass,towards,has part some > towards some,restriction_filler,False,False,http://purl.obolibrary.org/obo/CL_0000236,B cell,False,,,,,True
http://purl.obolibrary.org/obo/HP_0030377,Increased immature B cell proportion,direct,http://purl.obolibrary.org/obo/HP_0030377,Increased immature B cell proportion,equivalentClass,characteristic of,has part some > characteristic of some,intersection_operand,False,False,http://purl.obolibrary.org/obo/CL_0000816,immature B cell,False,,,,,True
http://purl.obolibrary.org/obo/HP_0030378,Decreased immature B cell proportion,direct,http://purl.obolibrary.org/obo/HP_0030378,Decreased immature B cell proportion,equivalentClass,towards,has part some > towards some,restriction_filler,False,False,http://purl.obolibrary.org/obo/CL_0000236,B cell,False,,,,,True
http://purl.obolibrary.org/obo/HP_0030378,Decreased immature B cell proportion,direct,http://purl.obolibrary.org/obo/HP_0030378,Decreased immature B cell proportion,equivalentClass,characteristic of,has part some > characteristic of some,intersection_operand,False,False,http://purl.obolibrary.org/obo/CL_0000816,immature B cell,False,,,,,True
http://purl.obolibrary.org/obo/HP_0030379,Abnormal transitional B cell proportion,direct,http://purl.obolibrary.org/obo/HP_0030379,Abnormal transitional B cell proportion,equivalentClass,towards,has part some > towards some,restriction_filler,False,False,http://purl.obolibrary.org/obo/CL_0000236,B cell,False,,,,,True
http://purl.obolibrary.org/obo/HP_0030379,Abnormal transitional B cell proportion,direct,http://purl.obolibrary.org/obo/HP_0030379,Abnormal transitional B cell proportion,equivalentClass,characteristic of,has part some > characteristic of some,intersection_operand,False,False,http://purl.obolibrary.org/obo/CL_0000818,transitional stage B cell,False,,,,,True
http://purl.obolibrary.org/obo/HP_0030380,Decreased transitional B cell proportion,direct,http://purl.obolibrary.org/obo/HP_0030380,Decreased transitional B cell proportion,equivalentClass,towards,has part some > towards some,restriction_filler,False,False,http://purl.obolibrary.org/obo/CL_0000236,B cell,False,,,,,True
http://purl.obolibrary.org/obo/HP_0030380,Decreased transitional B cell proportion,direct,http://purl.obolibrary.org/obo/HP_0030380,Decreased transitional B cell proportion,equivalentClass,characteristic of,has part some > characteristic of some,intersection_operand,False,False,http://purl.obolibrary.org/obo/CL_0000818,transitional stage B cell,False,,,,,True
http://purl.obolibrary.org/obo/HP_0030381,Increased transitional B cell proportion,direct,http://purl.obolibrary.org/obo/HP_0030381,Increased transitional B cell proportion,equivalentClass,towards,has part some > towards some,restriction_filler,False,False,http://purl.obolibrary.org/obo/CL_0000236,B cell,False,,,,,True
http://purl.obolibrary.org/obo/HP_0030381,Increased transitional B cell proportion,direct,http://purl.obolibrary.org/obo/HP_0030381,Increased transitional B cell proportion,equivalentClass,characteristic of,has part some > characteristic of some,intersection_operand,False,False,http://purl.obolibrary.org/obo/CL_0000818,transitional stage B cell,False,,,,,True
http://purl.obolibrary.org/obo/HP_0030383,Abnormal marginal zone B cell proportion,direct,http://purl.obolibrary.org/obo/HP_0030383,Abnormal marginal zone B cell proportion,equivalentClass,towards,has part some > towards some,restriction_filler,False,False,http://purl.obolibrary.org/obo/CL_0000236,B cell,False,,,,,True
http://purl.obolibrary.org/obo/HP_0030383,Abnormal marginal zone B cell proportion,direct,http://purl.obolibrary.org/obo/HP_0030383,Abnormal marginal zone B cell proportion,equivalentClass,characteristic of,has part some > characteristic of some,intersection_operand,False,False,http://purl.obolibrary.org/obo/CL_0000845,marginal zone B cell of spleen,False,,,,,True
http://purl.obolibrary.org/obo/HP_0030384,Decreased marginal zone B cell proportion,direct,http://purl.obolibrary.org/obo/HP_0030384,Decreased marginal zone B cell proportion,equivalentClass,towards,has part some > towards some,restriction_filler,False,False,http://purl.obolibrary.org/obo/CL_0000236,B cell,False,,,,,True
http://purl.obolibrary.org/obo/HP_0030384,Decreased marginal zone B cell proportion,direct,http://purl.obolibrary.org/obo/HP_0030384,Decreased marginal zone B cell proportion,equivalentClass,characteristic of,has part some > characteristic of some,intersection_operand,False,False,http://purl.obolibrary.org/obo/CL_0000845,marginal zone B cell of spleen,False,,,,,True
http://purl.obolibrary.org/obo/HP_0030385,Increased marginal zone B cell proportion,direct,http://purl.obolibrary.org/obo/HP_0030385,Increased marginal zone B cell proportion,equivalentClass,towards,has part some > towards some,restriction_filler,False,False,http://purl.obolibrary.org/obo/CL_0000236,B cell,False,,,,,True
http://purl.obolibrary.org/obo/HP_0030385,Increased marginal zone B cell proportion,direct,http://purl.obolibrary.org/obo/HP_0030385,Increased marginal zone B cell proportion,equivalentClass,characteristic of,has part some > characteristic of some,intersection_operand,False,False,http://purl.obolibrary.org/obo/CL_0000845,marginal zone B cell of spleen,False,,,,,True
http://purl.obolibrary.org/obo/HP_0030386,Abnormal class-switched memory B cell proportion,direct,http://purl.obolibrary.org/obo/HP_0030386,Abnormal class-switched memory B cell proportion,equivalentClass,towards,has part some > towards some,restriction_filler,False,False,http://purl.obolibrary.org/obo/CL_0000236,B cell,False,,,,,True
http://purl.obolibrary.org/obo/HP_0030386,Abnormal class-switched memory B cell proportion,direct,http://purl.obolibrary.org/obo/HP_0030386,Abnormal class-switched memory B cell proportion,equivalentClass,characteristic of,has part some > characteristic of some,intersection_operand,False,False,http://purl.obolibrary.org/obo/CL_0000972,class switched memory B cell,False,,,,,True
http://purl.obolibrary.org/obo/HP_0030387,Increased class-switched memory B cell proportion,direct,http://purl.obolibrary.org/obo/HP_0030387,Increased class-switched memory B cell proportion,equivalentClass,towards,has part some > towards some,restriction_filler,False,False,http://purl.obolibrary.org/obo/CL_0000236,B cell,False,,,,,True
http://purl.obolibrary.org/obo/HP_0030387,Increased class-switched memory B cell proportion,direct,http://purl.obolibrary.org/obo/HP_0030387,Increased class-switched memory B cell proportion,equivalentClass,characteristic of,has part some > characteristic of some,intersection_operand,False,False,http://purl.obolibrary.org/obo/CL_0000972,class switched memory B cell,False,,,,,True
http://purl.obolibrary.org/obo/HP_0030388,Decreased class-switched memory B cell proportion,direct,http://purl.obolibrary.org/obo/HP_0030388,Decreased class-switched memory B cell proportion,equivalentClass,towards,has part some > towards some,restriction_filler,False,False,http://purl.obolibrary.org/obo/CL_0000236,B cell,False,,,,,True
http://purl.obolibrary.org/obo/HP_0030388,Decreased class-switched memory B cell proportion,direct,http://purl.obolibrary.org/obo/HP_0030388,Decreased class-switched memory B cell proportion,equivalentClass,characteristic of,has part some > characteristic of some,intersection_operand,False,False,http://purl.obolibrary.org/obo/CL_0000972,class switched memory B cell,False,,,,,True
http://purl.obolibrary.org/obo/HP_0031137,Storage in hepatocytes,direct,http://purl.obolibrary.org/obo/HP_0031137,Storage in hepatocytes,equivalentClass,part of,has part some > characteristic of some > part of some,restriction_filler,False,False,http://purl.obolibrary.org/obo/CL_0000182,hepatocyte,False,,,,,True
http://purl.obolibrary.org/obo/HP_0031392,Abnormal CD4+ T cell subset proportion,direct,http://purl.obolibrary.org/obo/HP_0031392,Abnormal CD4+ T cell subset proportion,equivalentClass,towards,has part some > towards some,restriction_filler,False,False,http://purl.obolibrary.org/obo/CL_0000084,T cell,False,,,,,True
http://purl.obolibrary.org/obo/HP_0031392,Abnormal CD4+ T cell subset proportion,direct,http://purl.obolibrary.org/obo/HP_0031392,Abnormal CD4+ T cell subset proportion,equivalentClass,characteristic of,has part some > characteristic of some,intersection_operand,False,False,http://purl.obolibrary.org/obo/CL_0000624,"CD4-positive, alpha-beta T cell",False,,,,,True
http://purl.obolibrary.org/obo/HP_0031393,Abnormal total CD8+ T cell number,direct,http://purl.obolibrary.org/obo/HP_0031393,Abnormal total CD8+ T cell number,equivalentClass,towards,has part some > towards some,restriction_filler,False,False,http://purl.obolibrary.org/obo/CL_0000084,T cell,False,,,,,True
http://purl.obolibrary.org/obo/HP_0031393,Abnormal total CD8+ T cell number,direct,http://purl.obolibrary.org/obo/HP_0031393,Abnormal total CD8+ T cell number,equivalentClass,characteristic of,has part some > characteristic of some,intersection_operand,False,False,http://purl.obolibrary.org/obo/CL_0000625,"CD8-positive, alpha-beta T cell",False,,,,,True
http://purl.obolibrary.org/obo/HP_0031396,Abnormal naive T cell proportion,direct,http://purl.obolibrary.org/obo/HP_0031396,Abnormal naive T cell proportion,equivalentClass,towards,has part some > towards some,restriction_filler,False,False,http://purl.obolibrary.org/obo/CL_0000084,T cell,False,,,,,True
http://purl.obolibrary.org/obo/HP_0031396,Abnormal naive T cell proportion,direct,http://purl.obolibrary.org/obo/HP_0031396,Abnormal naive T cell proportion,equivalentClass,characteristic of,has part some > characteristic of some,intersection_operand,False,False,http://purl.obolibrary.org/obo/CL_0000898,naive T cell,False,,,,,True
http://purl.obolibrary.org/obo/HP_0031397,Decreased naive T cell proportion,direct,http://purl.obolibrary.org/obo/HP_0031397,Decreased naive T cell proportion,equivalentClass,towards,has part some > towards some,restriction_filler,False,False,http://purl.obolibrary.org/obo/CL_0000084,T cell,False,,,,,True
http://purl.obolibrary.org/obo/HP_0031397,Decreased naive T cell proportion,direct,http://purl.obolibrary.org/obo/HP_0031397,Decreased naive T cell proportion,equivalentClass,characteristic of,has part some > characteristic of some,intersection_operand,False,False,http://purl.obolibrary.org/obo/CL_0000898,naive T cell,False,,,,,True
http://purl.obolibrary.org/obo/HP_0031398,Increased naive T cell proportion,direct,http://purl.obolibrary.org/obo/HP_0031398,Increased naive T cell proportion,equivalentClass,towards,has part some > towards some,restriction_filler,False,False,http://purl.obolibrary.org/obo/CL_0000084,T cell,False,,,,,True
http://purl.obolibrary.org/obo/HP_0031398,Increased naive T cell proportion,direct,http://purl.obolibrary.org/obo/HP_0031398,Increased naive T cell proportion,equivalentClass,characteristic of,has part some > characteristic of some,intersection_operand,False,False,http://purl.obolibrary.org/obo/CL_0000898,naive T cell,False,,,,,True
http://purl.obolibrary.org/obo/HP_0031514,Increased exhausted T cell proportion,direct,http://purl.obolibrary.org/obo/HP_0031514,Increased exhausted T cell proportion,equivalentClass,towards,has part some > towards some,restriction_filler,False,False,http://purl.obolibrary.org/obo/CL_0000084,T cell,False,,,,,True
http://purl.obolibrary.org/obo/HP_0031514,Increased exhausted T cell proportion,direct,http://purl.obolibrary.org/obo/HP_0031514,Increased exhausted T cell proportion,equivalentClass,characteristic of,has part some > characteristic of some,intersection_operand,False,False,http://purl.obolibrary.org/obo/CL_0011025,exhausted T cell,False,,,,,True
http://purl.obolibrary.org/obo/HP_0031806,Abnormal total basophil count,direct,http://purl.obolibrary.org/obo/HP_0031806,Abnormal total basophil count,equivalentClass,characteristic of,has part some > characteristic of some,restriction_filler,False,False,http://purl.obolibrary.org/obo/CL_0000767,basophil,False,,,,,True
http://purl.obolibrary.org/obo/HP_0031807,Increased total basophil count,direct,http://purl.obolibrary.org/obo/HP_0031807,Increased total basophil count,equivalentClass,characteristic of,has part some > characteristic of some,restriction_filler,False,False,http://purl.obolibrary.org/obo/CL_0000767,basophil,False,,,,,True
http://purl.obolibrary.org/obo/HP_0031808,Decreased total basophil count,direct,http://purl.obolibrary.org/obo/HP_0031808,Decreased total basophil count,equivalentClass,characteristic of,has part some > characteristic of some,restriction_filler,False,False,http://purl.obolibrary.org/obo/CL_0000767,basophil,False,,,,,True
http://purl.obolibrary.org/obo/HP_0031891,Decreased total eosinophil count,direct,http://purl.obolibrary.org/obo/HP_0031891,Decreased total eosinophil count,equivalentClass,characteristic of,has part some > characteristic of some,intersection_operand,False,False,http://purl.obolibrary.org/obo/CL_0000771,eosinophil,False,,,,,True
http://purl.obolibrary.org/obo/HP_0032124,Abnormal unswitched memory B cell proportion,direct,http://purl.obolibrary.org/obo/HP_0032124,Abnormal unswitched memory B cell proportion,equivalentClass,towards,has part some > towards some,restriction_filler,False,False,http://purl.obolibrary.org/obo/CL_0000236,B cell,False,,,,,True
http://purl.obolibrary.org/obo/HP_0032124,Abnormal unswitched memory B cell proportion,direct,http://purl.obolibrary.org/obo/HP_0032124,Abnormal unswitched memory B cell proportion,equivalentClass,characteristic of,has part some > characteristic of some,intersection_operand,False,False,http://purl.obolibrary.org/obo/CL_0000970,unswitched memory B cell,False,,,,,True
http://purl.obolibrary.org/obo/HP_0032125,Increased unswitched memory B cell proportion,direct,http://purl.obolibrary.org/obo/HP_0032125,Increased unswitched memory B cell proportion,equivalentClass,towards,has part some > towards some,restriction_filler,False,False,http://purl.obolibrary.org/obo/CL_0000000,cell,False,,,,,True
http://purl.obolibrary.org/obo/HP_0032125,Increased unswitched memory B cell proportion,direct,http://purl.obolibrary.org/obo/HP_0032125,Increased unswitched memory B cell proportion,equivalentClass,characteristic of,has part some > characteristic of some,intersection_operand,False,False,http://purl.obolibrary.org/obo/CL_0000970,unswitched memory B cell,False,,,,,True
http://purl.obolibrary.org/obo/HP_0032126,Decreased unswitched memory B cell proportion,direct,http://purl.obolibrary.org/obo/HP_0032126,Decreased unswitched memory B cell proportion,equivalentClass,towards,has part some > towards some,restriction_filler,False,False,http://purl.obolibrary.org/obo/CL_0000236,B cell,False,,,,,True
http://purl.obolibrary.org/obo/HP_0032126,Decreased unswitched memory B cell proportion,direct,http://purl.obolibrary.org/obo/HP_0032126,Decreased unswitched memory B cell proportion,equivalentClass,characteristic of,has part some > characteristic of some,intersection_operand,False,False,http://purl.obolibrary.org/obo/CL_0000970,unswitched memory B cell,False,,,,,True
http://purl.obolibrary.org/obo/HP_0032127,Abnormal plasmablast proportion,direct,http://purl.obolibrary.org/obo/HP_0032127,Abnormal plasmablast proportion,equivalentClass,towards,has part some > towards some,restriction_filler,False,False,http://purl.obolibrary.org/obo/CL_0000236,B cell,False,,,,,True
http://purl.obolibrary.org/obo/HP_0032127,Abnormal plasmablast proportion,direct,http://purl.obolibrary.org/obo/HP_0032127,Abnormal plasmablast proportion,equivalentClass,characteristic of,has part some > characteristic of some,intersection_operand,False,False,http://purl.obolibrary.org/obo/CL_0000980,plasmablast,False,,,,,True
http://purl.obolibrary.org/obo/HP_0032128,Increased plasmablast proportion,direct,http://purl.obolibrary.org/obo/HP_0032128,Increased plasmablast proportion,equivalentClass,towards,has part some > towards some,restriction_filler,False,False,http://purl.obolibrary.org/obo/CL_0000236,B cell,False,,,,,True
http://purl.obolibrary.org/obo/HP_0032128,Increased plasmablast proportion,direct,http://purl.obolibrary.org/obo/HP_0032128,Increased plasmablast proportion,equivalentClass,characteristic of,has part some > characteristic of some,intersection_operand,False,False,http://purl.obolibrary.org/obo/CL_0000980,plasmablast,False,,,,,True
http://purl.obolibrary.org/obo/HP_0032129,Decreased plasmablast proportion,direct,http://purl.obolibrary.org/obo/HP_0032129,Decreased plasmablast proportion,equivalentClass,towards,has part some > towards some,restriction_filler,False,False,http://purl.obolibrary.org/obo/CL_0000236,B cell,False,,,,,True
http://purl.obolibrary.org/obo/HP_0032129,Decreased plasmablast proportion,direct,http://purl.obolibrary.org/obo/HP_0032129,Decreased plasmablast proportion,equivalentClass,characteristic of,has part some > characteristic of some,intersection_operand,False,False,http://purl.obolibrary.org/obo/CL_0000980,plasmablast,False,,,,,True
http://purl.obolibrary.org/obo/HP_0032182,Abnormal memory T cell proportion,direct,http://purl.obolibrary.org/obo/HP_0032182,Abnormal memory T cell proportion,equivalentClass,towards,has part some > towards some,restriction_filler,False,False,http://purl.obolibrary.org/obo/CL_0000084,T cell,False,,,,,True
http://purl.obolibrary.org/obo/HP_0032182,Abnormal memory T cell proportion,direct,http://purl.obolibrary.org/obo/HP_0032182,Abnormal memory T cell proportion,equivalentClass,characteristic of,has part some > characteristic of some,intersection_operand,False,False,http://purl.obolibrary.org/obo/CL_0000813,memory T cell,False,,,,,True
http://purl.obolibrary.org/obo/HP_0032183,Decreased memory T cell proportion,direct,http://purl.obolibrary.org/obo/HP_0032183,Decreased memory T cell proportion,equivalentClass,towards,has part some > towards some,restriction_filler,False,False,http://purl.obolibrary.org/obo/CL_0000084,T cell,False,,,,,True
http://purl.obolibrary.org/obo/HP_0032183,Decreased memory T cell proportion,direct,http://purl.obolibrary.org/obo/HP_0032183,Decreased memory T cell proportion,equivalentClass,characteristic of,has part some > characteristic of some,intersection_operand,False,False,http://purl.obolibrary.org/obo/CL_0000813,memory T cell,False,,,,,True
http://purl.obolibrary.org/obo/HP_0032184,Increased memory T cell proportion,direct,http://purl.obolibrary.org/obo/HP_0032184,Increased memory T cell proportion,equivalentClass,towards,has part some > towards some,restriction_filler,False,False,http://purl.obolibrary.org/obo/CL_0000236,B cell,False,,,,,True
http://purl.obolibrary.org/obo/HP_0032184,Increased memory T cell proportion,direct,http://purl.obolibrary.org/obo/HP_0032184,Increased memory T cell proportion,equivalentClass,characteristic of,has part some > characteristic of some,intersection_operand,False,False,http://purl.obolibrary.org/obo/CL_0000813,memory T cell,False,,,,,True
http://purl.obolibrary.org/obo/HP_0032218,Decreased total CD4+ T cell proportion,direct,http://purl.obolibrary.org/obo/HP_0032218,Decreased total CD4+ T cell proportion,equivalentClass,towards,has part some > towards some,restriction_filler,False,False,http://purl.obolibrary.org/obo/CL_0000084,T cell,False,,,,,True
http://purl.obolibrary.org/obo/HP_0032218,Decreased total CD4+ T cell proportion,direct,http://purl.obolibrary.org/obo/HP_0032218,Decreased total CD4+ T cell proportion,equivalentClass,characteristic of,has part some > characteristic of some,intersection_operand,False,False,http://purl.obolibrary.org/obo/CL_0000624,"CD4-positive, alpha-beta T cell",False,,,,,True
http://purl.obolibrary.org/obo/HP_0032219,Increased total CD4+ T cell proportion,direct,http://purl.obolibrary.org/obo/HP_0032219,Increased total CD4+ T cell proportion,equivalentClass,towards,has part some > towards some,restriction_filler,False,False,http://purl.obolibrary.org/obo/CL_0000084,T cell,False,,,,,True
http://purl.obolibrary.org/obo/HP_0032219,Increased total CD4+ T cell proportion,direct,http://purl.obolibrary.org/obo/HP_0032219,Increased total CD4+ T cell proportion,equivalentClass,characteristic of,has part some > characteristic of some,intersection_operand,False,False,http://purl.obolibrary.org/obo/CL_0000492,CD4-positive helper T cell,False,,,,,True
http://purl.obolibrary.org/obo/HP_0032599,Abnormal renal tubular epithelial morphology,direct,http://purl.obolibrary.org/obo/HP_0032599,Abnormal renal tubular epithelial morphology,equivalentClass,characteristic of,has part some > characteristic of some,intersection_operand,False,False,http://purl.obolibrary.org/obo/CL_0000066,epithelial cell,False,,,,,True
http://purl.obolibrary.org/obo/HP_0034278,Multinucleated erythroblast,direct,http://purl.obolibrary.org/obo/HP_0034278,Multinucleated erythroblast,equivalentClass,characteristic of part of,has part some > characteristic of part of some,restriction_filler,False,False,http://purl.obolibrary.org/obo/CL_0000765,erythroblast,False,,,,,True
http://purl.obolibrary.org/obo/HP_0040088,Abnormal lymphocyte count,direct,http://purl.obolibrary.org/obo/HP_0040088,Abnormal lymphocyte count,equivalentClass,characteristic of,has part some > characteristic of some,restriction_filler,False,False,http://purl.obolibrary.org/obo/CL_0000542,lymphocyte,False,,,,,True
http://purl.obolibrary.org/obo/HP_0040089,Abnormal total natural killer cell count,direct,http://purl.obolibrary.org/obo/HP_0040089,Abnormal total natural killer cell count,equivalentClass,characteristic of,has part some > characteristic of some,restriction_filler,False,False,http://purl.obolibrary.org/obo/CL_0000623,natural killer cell,False,,,,,True
http://purl.obolibrary.org/obo/HP_0040218,Reduced total natural killer cell count,direct,http://purl.obolibrary.org/obo/HP_0040218,Reduced total natural killer cell count,equivalentClass,characteristic of,has part some > characteristic of some,restriction_filler,False,False,http://purl.obolibrary.org/obo/CL_0000623,natural killer cell,False,,,,,True
http://purl.obolibrary.org/obo/HP_0040219,Absent natural killer cells,direct,http://purl.obolibrary.org/obo/HP_0040219,Absent natural killer cells,equivalentClass,characteristic of,has part some > characteristic of some,restriction_filler,False,False,http://purl.obolibrary.org/obo/CL_0000623,natural killer cell,False,,,,,True
http://purl.obolibrary.org/obo/HP_0041044,Low neutrophil alkaline phosphatase,direct,http://purl.obolibrary.org/obo/HP_0041044,Low neutrophil alkaline phosphatase,equivalentClass,part of,has part some > characteristic of some > part of some,restriction_filler,False,False,http://purl.obolibrary.org/obo/CL_0000775,neutrophil,False,,,,,True
http://purl.obolibrary.org/obo/HP_0041080,Abnormal exhausted T cell proportion,direct,http://purl.obolibrary.org/obo/HP_0041080,Abnormal exhausted T cell proportion,equivalentClass,towards,has part some > towards some,restriction_filler,False,False,http://purl.obolibrary.org/obo/CL_0000084,T cell,False,,,,,True
http://purl.obolibrary.org/obo/HP_0041080,Abnormal exhausted T cell proportion,direct,http://purl.obolibrary.org/obo/HP_0041080,Abnormal exhausted T cell proportion,equivalentClass,characteristic of,has part some > characteristic of some,intersection_operand,False,False,http://purl.obolibrary.org/obo/CL_0011025,exhausted T cell,False,,,,,True
http://purl.obolibrary.org/obo/HP_0100293,Hypertrophied muscle fibers,direct,http://purl.obolibrary.org/obo/HP_0100293,Hypertrophied muscle fibers,equivalentClass,characteristic of part of,has part some > characteristic of part of some,restriction_filler,False,False,http://purl.obolibrary.org/obo/CL_0000188,cell of skeletal muscle,False,,,,,True
http://purl.obolibrary.org/obo/HP_0100295,Muscle fiber atrophy,direct,http://purl.obolibrary.org/obo/HP_0100295,Muscle fiber atrophy,equivalentClass,characteristic of part of,has part some > characteristic of part of some,restriction_filler,False,False,http://purl.obolibrary.org/obo/CL_0000188,cell of skeletal muscle,False,,,,,True
http://purl.obolibrary.org/obo/HP_0100299,Muscle fiber inclusion bodies,direct,http://purl.obolibrary.org/obo/HP_0100299,Muscle fiber inclusion bodies,equivalentClass,characteristic of part of,has part some > characteristic of some > characteristic of part of some,restriction_filler,False,False,http://purl.obolibrary.org/obo/CL_0000187,muscle cell,False,,,,,True
http://purl.obolibrary.org/obo/HP_0100494,Abnormal mast cell morphology,direct,http://purl.obolibrary.org/obo/HP_0100494,Abnormal mast cell morphology,equivalentClass,characteristic of,has part some > characteristic of some,restriction_filler,False,False,http://purl.obolibrary.org/obo/CL_0000097,mast cell,False,,,,,True
http://purl.obolibrary.org/obo/HP_0100495,Mastocytosis,direct,http://purl.obolibrary.org/obo/HP_0100495,Mastocytosis,equivalentClass,characteristic of,has part some > characteristic of some,restriction_filler,False,False,http://purl.obolibrary.org/obo/CL_0000097,mast cell,False,,,,,True
http://purl.obolibrary.org/obo/HP_0100705,Abnormal glial cell morphology,direct,http://purl.obolibrary.org/obo/HP_0100705,Abnormal glial cell morphology,equivalentClass,characteristic of part of,has part some > characteristic of part of some,restriction_filler,False,False,http://purl.obolibrary.org/obo/CL_0000125,glial cell,False,,,,,True
http://purl.obolibrary.org/obo/HP_0100706,Abnormal oligodendroglia morphology,direct,http://purl.obolibrary.org/obo/HP_0100706,Abnormal oligodendroglia morphology,equivalentClass,characteristic of part of,has part some > characteristic of part of some,restriction_filler,False,False,http://purl.obolibrary.org/obo/CL_0000128,oligodendrocyte,False,,,,,True
http://purl.obolibrary.org/obo/HP_0100707,Abnormal astrocyte morphology,direct,http://purl.obolibrary.org/obo/HP_0100707,Abnormal astrocyte morphology,equivalentClass,characteristic of part of,has part some > characteristic of part of some,restriction_filler,False,False,http://purl.obolibrary.org/obo/CL_0000127,astrocyte,False,,,,,True
http://purl.obolibrary.org/obo/HP_0100708,Abnormal microglia morphology,direct,http://purl.obolibrary.org/obo/HP_0100708,Abnormal microglia morphology,equivalentClass,characteristic of part of,has part some > characteristic of part of some,restriction_filler,False,False,http://purl.obolibrary.org/obo/CL_0000129,microglial cell,False,,,,,True
http://purl.obolibrary.org/obo/HP_0100709,Reduction of oligodendroglia,direct,http://purl.obolibrary.org/obo/HP_0100709,Reduction of oligodendroglia,equivalentClass,characteristic of,has part some > characteristic of some,restriction_filler,False,False,http://purl.obolibrary.org/obo/CL_0000128,oligodendrocyte,False,,,,,True
http://purl.obolibrary.org/obo/HP_0100827,Increased total lymphocyte count,direct,http://purl.obolibrary.org/obo/HP_0100827,Increased total lymphocyte count,equivalentClass,characteristic of,has part some > characteristic of some,intersection_operand,False,False,http://purl.obolibrary.org/obo/CL_0000542,lymphocyte,False,,,,,True
http://purl.obolibrary.org/obo/HP_0100828,Increased total T cell count,direct,http://purl.obolibrary.org/obo/HP_0100828,Increased total T cell count,equivalentClass,characteristic of,has part some > characteristic of some,restriction_filler,False,False,http://purl.obolibrary.org/obo/CL_0000084,T cell,False,,,,,True
http://purl.obolibrary.org/obo/HP_0200147,Neuronal loss in basal ganglia,direct,http://purl.obolibrary.org/obo/HP_0200147,Neuronal loss in basal ganglia,equivalentClass,characteristic of,has part some > characteristic of some,intersection_operand,False,False,http://purl.obolibrary.org/obo/CL_0000540,neuron,False,,,,,True
http://purl.obolibrary.org/obo/HP_0410063,Increased level of galactonate in red blood cells,direct,http://purl.obolibrary.org/obo/HP_0410063,Increased level of galactonate in red blood cells,equivalentClass,part of,has part some > characteristic of some > part of some,restriction_filler,False,False,http://purl.obolibrary.org/obo/CL_0000232,erythrocyte,False,,,,,True
http://purl.obolibrary.org/obo/HP_0410064,Increased level of galactitol in red blood cells,direct,http://purl.obolibrary.org/obo/HP_0410064,Increased level of galactitol in red blood cells,equivalentClass,part of,has part some > characteristic of some > part of some,restriction_filler,False,False,http://purl.obolibrary.org/obo/CL_0000232,erythrocyte,False,,,,,True
http://purl.obolibrary.org/obo/HP_0410157,Increased level of N-acetylneuraminic acid in fibroblasts,direct,http://purl.obolibrary.org/obo/HP_0410157,Increased level of N-acetylneuraminic acid in fibroblasts,equivalentClass,part of,has part some > characteristic of some > part of some,restriction_filler,False,False,http://purl.obolibrary.org/obo/CL_0000057,fibroblast,False,,,,,True
http://purl.obolibrary.org/obo/HP_0410183,Abnormal glucose-6-phosphate dehydrogenase level in leukocytes,direct,http://purl.obolibrary.org/obo/HP_0410183,Abnormal glucose-6-phosphate dehydrogenase level in leukocytes,equivalentClass,part of,has part some > characteristic of some > part of some,restriction_filler,False,False,http://purl.obolibrary.org/obo/CL_0000738,leukocyte,False,,,,,True
http://purl.obolibrary.org/obo/HP_0410184,Abnormal erythrocyte glucose-6-phosphate dehydrogenase concentration,direct,http://purl.obolibrary.org/obo/HP_0410184,Abnormal erythrocyte glucose-6-phosphate dehydrogenase concentration,equivalentClass,part of,has part some > characteristic of some > part of some,restriction_filler,False,False,http://purl.obolibrary.org/obo/CL_0000232,erythrocyte,False,,,,,True
http://purl.obolibrary.org/obo/HP_0410188,Decreased erythrocyte glucose-6-phosphate dehydrogenase concentration,direct,http://purl.obolibrary.org/obo/HP_0410188,Decreased erythrocyte glucose-6-phosphate dehydrogenase concentration,equivalentClass,part of,has part some > characteristic of some > part of some,restriction_filler,False,False,http://purl.obolibrary.org/obo/CL_0000232,erythrocyte,False,,,,,True
http://purl.obolibrary.org/obo/HP_0410189,Increased erythrocyte glucose-6-phosphate dehydrogenase concentration,direct,http://purl.obolibrary.org/obo/HP_0410189,Increased erythrocyte glucose-6-phosphate dehydrogenase concentration,equivalentClass,part of,has part some > characteristic of some > part of some,restriction_filler,False,False,http://purl.obolibrary.org/obo/CL_0000232,erythrocyte,False,,,,,True
http://purl.obolibrary.org/obo/HP_0410190,Decreased glucose-6-phosphate dehydrogenase level in leukocytes,direct,http://purl.obolibrary.org/obo/HP_0410190,Decreased glucose-6-phosphate dehydrogenase level in leukocytes,equivalentClass,part of,has part some > characteristic of some > part of some,restriction_filler,False,False,http://purl.obolibrary.org/obo/CL_0000738,leukocyte,False,,,,,True
http://purl.obolibrary.org/obo/HP_0410191,Increased glucose-6-phosphate dehydrogenase level in leukocytes,direct,http://purl.obolibrary.org/obo/HP_0410191,Increased glucose-6-phosphate dehydrogenase level in leukocytes,equivalentClass,part of,has part some > characteristic of some > part of some,restriction_filler,False,False,http://purl.obolibrary.org/obo/CL_0000738,leukocyte,False,,,,,True
http://purl.obolibrary.org/obo/HP_0410196,Abnormal erythrocyte UDP glucose-4-epimerase concentration,direct,http://purl.obolibrary.org/obo/HP_0410196,Abnormal erythrocyte UDP glucose-4-epimerase concentration,equivalentClass,part of,has part some > characteristic of some > part of some,restriction_filler,False,False,http://purl.obolibrary.org/obo/CL_0000232,erythrocyte,False,,,,,True
http://purl.obolibrary.org/obo/HP_0410197,Increased erythrocyte UDP glucose-4-epimerase concentration,direct,http://purl.obolibrary.org/obo/HP_0410197,Increased erythrocyte UDP glucose-4-epimerase concentration,equivalentClass,part of,has part some > characteristic of some > part of some,restriction_filler,False,False,http://purl.obolibrary.org/obo/CL_0000232,erythrocyte,False,,,,,True
http://purl.obolibrary.org/obo/HP_0410198,Decreased erythrocyte UDP glucose-4-epimerase concentration,direct,http://purl.obolibrary.org/obo/HP_0410198,Decreased erythrocyte UDP glucose-4-epimerase concentration,equivalentClass,part of,has part some > characteristic of some > part of some,restriction_filler,False,False,http://purl.obolibrary.org/obo/CL_0000232,erythrocyte,False,,,,,True
http://purl.obolibrary.org/obo/HP_0410310,Abnormality of neutrophil morphology in CSF,direct,http://purl.obolibrary.org/obo/HP_0410310,Abnormality of neutrophil morphology in CSF,equivalentClass,characteristic of part of,has part some > characteristic of part of some,intersection_operand,False,False,http://purl.obolibrary.org/obo/CL_0000775,neutrophil,False,,,,,True
http://purl.obolibrary.org/obo/HP_0410373,Abnormal naive CD4+ T cell proportion,direct,http://purl.obolibrary.org/obo/HP_0410373,Abnormal naive CD4+ T cell proportion,equivalentClass,towards,has part some > towards some,restriction_filler,False,False,http://purl.obolibrary.org/obo/CL_0000084,T cell,False,,,,,True
http://purl.obolibrary.org/obo/HP_0410373,Abnormal naive CD4+ T cell proportion,direct,http://purl.obolibrary.org/obo/HP_0410373,Abnormal naive CD4+ T cell proportion,equivalentClass,characteristic of,has part some > characteristic of some,intersection_operand,False,False,http://purl.obolibrary.org/obo/CL_0000895,"naive thymus-derived CD4-positive, alpha-beta T cell",False,,,,,True
http://purl.obolibrary.org/obo/HP_0410375,Increased naive CD4+ T cell proportion,direct,http://purl.obolibrary.org/obo/HP_0410375,Increased naive CD4+ T cell proportion,equivalentClass,towards,has part some > towards some,restriction_filler,False,False,http://purl.obolibrary.org/obo/CL_0000084,T cell,False,,,,,True
http://purl.obolibrary.org/obo/HP_0410375,Increased naive CD4+ T cell proportion,direct,http://purl.obolibrary.org/obo/HP_0410375,Increased naive CD4+ T cell proportion,equivalentClass,characteristic of,has part some > characteristic of some,intersection_operand,False,False,http://purl.obolibrary.org/obo/CL_0000895,"naive thymus-derived CD4-positive, alpha-beta T cell",False,,,,,True
http://purl.obolibrary.org/obo/HP_0410378,Decreased naive CD4+ T cell proportion,direct,http://purl.obolibrary.org/obo/HP_0410378,Decreased naive CD4+ T cell proportion,equivalentClass,towards,has part some > towards some,restriction_filler,False,False,http://purl.obolibrary.org/obo/CL_0000084,T cell,False,,,,,True
http://purl.obolibrary.org/obo/HP_0410378,Decreased naive CD4+ T cell proportion,direct,http://purl.obolibrary.org/obo/HP_0410378,Decreased naive CD4+ T cell proportion,equivalentClass,characteristic of,has part some > characteristic of some,intersection_operand,False,False,http://purl.obolibrary.org/obo/CL_0000895,"naive thymus-derived CD4-positive, alpha-beta T cell",False,,,,,True
http://purl.obolibrary.org/obo/HP_0410379,Abnormal memory CD4+ T cell proportion,direct,http://purl.obolibrary.org/obo/HP_0410379,Abnormal memory CD4+ T cell proportion,equivalentClass,towards,has part some > towards some,restriction_filler,False,False,http://purl.obolibrary.org/obo/CL_0000084,T cell,False,,,,,True
http://purl.obolibrary.org/obo/HP_0410379,Abnormal memory CD4+ T cell proportion,direct,http://purl.obolibrary.org/obo/HP_0410379,Abnormal memory CD4+ T cell proportion,equivalentClass,characteristic of,has part some > characteristic of some,intersection_operand,False,False,http://purl.obolibrary.org/obo/CL_0000897,"CD4-positive, alpha-beta memory T cell",False,,,,,True
http://purl.obolibrary.org/obo/HP_0410380,Abnormal memory CD8+ T cell proportion,direct,http://purl.obolibrary.org/obo/HP_0410380,Abnormal memory CD8+ T cell proportion,equivalentClass,towards,has part some > towards some,restriction_filler,False,False,http://purl.obolibrary.org/obo/CL_0000084,T cell,False,,,,,True
http://purl.obolibrary.org/obo/HP_0410380,Abnormal memory CD8+ T cell proportion,direct,http://purl.obolibrary.org/obo/HP_0410380,Abnormal memory CD8+ T cell proportion,equivalentClass,characteristic of,has part some > characteristic of some,intersection_operand,False,False,http://purl.obolibrary.org/obo/CL_0000909,"CD8-positive, alpha-beta memory T cell",False,,,,,True
http://purl.obolibrary.org/obo/HP_0410383,Abnormal effector memory CD8+ T cell proportion,direct,http://purl.obolibrary.org/obo/HP_0410383,Abnormal effector memory CD8+ T cell proportion,equivalentClass,towards,has part some > towards some,restriction_filler,False,False,http://purl.obolibrary.org/obo/CL_0000084,T cell,False,,,,,True
http://purl.obolibrary.org/obo/HP_0410383,Abnormal effector memory CD8+ T cell proportion,direct,http://purl.obolibrary.org/obo/HP_0410383,Abnormal effector memory CD8+ T cell proportion,equivalentClass,characteristic of,has part some > characteristic of some,intersection_operand,False,False,http://purl.obolibrary.org/obo/CL_0000913,"effector memory CD8-positive, alpha-beta T cell",False,,,,,True
http://purl.obolibrary.org/obo/HP_0410384,Abnormal central memory CD8+ T cell proportion,direct,http://purl.obolibrary.org/obo/HP_0410384,Abnormal central memory CD8+ T cell proportion,equivalentClass,towards,has part some > towards some,restriction_filler,False,False,http://purl.obolibrary.org/obo/CL_0000084,T cell,False,,,,,True
http://purl.obolibrary.org/obo/HP_0410384,Abnormal central memory CD8+ T cell proportion,direct,http://purl.obolibrary.org/obo/HP_0410384,Abnormal central memory CD8+ T cell proportion,equivalentClass,characteristic of,has part some > characteristic of some,intersection_operand,False,False,http://purl.obolibrary.org/obo/CL_0000907,"central memory CD8-positive, alpha-beta T cell",False,,,,,True
http://purl.obolibrary.org/obo/HP_0410385,Decreased memory CD8+ T cell proportion,direct,http://purl.obolibrary.org/obo/HP_0410385,Decreased memory CD8+ T cell proportion,equivalentClass,towards,has part some > towards some,restriction_filler,False,False,http://purl.obolibrary.org/obo/CL_0000084,T cell,False,,,,,True
http://purl.obolibrary.org/obo/HP_0410385,Decreased memory CD8+ T cell proportion,direct,http://purl.obolibrary.org/obo/HP_0410385,Decreased memory CD8+ T cell proportion,equivalentClass,characteristic of,has part some > characteristic of some,intersection_operand,False,False,http://purl.obolibrary.org/obo/CL_0000909,"CD8-positive, alpha-beta memory T cell",False,,,,,True
http://purl.obolibrary.org/obo/HP_0410386,Decreased CD4+ memory T cell proportion,direct,http://purl.obolibrary.org/obo/HP_0410386,Decreased CD4+ memory T cell proportion,equivalentClass,towards,has part some > towards some,restriction_filler,False,False,http://purl.obolibrary.org/obo/CL_0000084,T cell,False,,,,,True
http://purl.obolibrary.org/obo/HP_0410386,Decreased CD4+ memory T cell proportion,direct,http://purl.obolibrary.org/obo/HP_0410386,Decreased CD4+ memory T cell proportion,equivalentClass,characteristic of,has part some > characteristic of some,intersection_operand,False,False,http://purl.obolibrary.org/obo/CL_0000897,"CD4-positive, alpha-beta memory T cell",False,,,,,True
http://purl.obolibrary.org/obo/HP_0410389,Decreased central memory CD8+ T cell proportion,direct,http://purl.obolibrary.org/obo/HP_0410389,Decreased central memory CD8+ T cell proportion,equivalentClass,towards,has part some > towards some,restriction_filler,False,False,http://purl.obolibrary.org/obo/CL_0000084,T cell,False,,,,,True
http://purl.obolibrary.org/obo/HP_0410389,Decreased central memory CD8+ T cell proportion,direct,http://purl.obolibrary.org/obo/HP_0410389,Decreased central memory CD8+ T cell proportion,equivalentClass,characteristic of,has part some > characteristic of some,intersection_operand,False,False,http://purl.obolibrary.org/obo/CL_0000907,"central memory CD8-positive, alpha-beta T cell",False,,,,,True
http://purl.obolibrary.org/obo/HP_0410390,Decreased effector memory CD8+ T cell proportion,direct,http://purl.obolibrary.org/obo/HP_0410390,Decreased effector memory CD8+ T cell proportion,equivalentClass,towards,has part some > towards some,restriction_filler,False,False,http://purl.obolibrary.org/obo/CL_0000084,T cell,False,,,,,True
http://purl.obolibrary.org/obo/HP_0410390,Decreased effector memory CD8+ T cell proportion,direct,http://purl.obolibrary.org/obo/HP_0410390,Decreased effector memory CD8+ T cell proportion,equivalentClass,characteristic of,has part some > characteristic of some,intersection_operand,False,False,http://purl.obolibrary.org/obo/CL_0000913,"effector memory CD8-positive, alpha-beta T cell",False,,,,,True
http://purl.obolibrary.org/obo/HP_0410391,Increased memory CD4+ T cell proportion,direct,http://purl.obolibrary.org/obo/HP_0410391,Increased memory CD4+ T cell proportion,equivalentClass,towards,has part some > towards some,restriction_filler,False,False,http://purl.obolibrary.org/obo/CL_0000084,T cell,False,,,,,True
http://purl.obolibrary.org/obo/HP_0410391,Increased memory CD4+ T cell proportion,direct,http://purl.obolibrary.org/obo/HP_0410391,Increased memory CD4+ T cell proportion,equivalentClass,characteristic of,has part some > characteristic of some,intersection_operand,False,False,http://purl.obolibrary.org/obo/CL_0000897,"CD4-positive, alpha-beta memory T cell",False,,,,,True
http://purl.obolibrary.org/obo/HP_0410392,Increased memory CD8+ T cell proportion,direct,http://purl.obolibrary.org/obo/HP_0410392,Increased memory CD8+ T cell proportion,equivalentClass,towards,has part some > towards some,restriction_filler,False,False,http://purl.obolibrary.org/obo/CL_0000084,T cell,False,,,,,True
http://purl.obolibrary.org/obo/HP_0410392,Increased memory CD8+ T cell proportion,direct,http://purl.obolibrary.org/obo/HP_0410392,Increased memory CD8+ T cell proportion,equivalentClass,characteristic of,has part some > characteristic of some,intersection_operand,False,False,http://purl.obolibrary.org/obo/CL_0000909,"CD8-positive, alpha-beta memory T cell",False,,,,,True
http://purl.obolibrary.org/obo/HP_0410395,Increased effector memory CD8+ T cell proportion,direct,http://purl.obolibrary.org/obo/HP_0410395,Increased effector memory CD8+ T cell proportion,equivalentClass,towards,has part some > towards some,restriction_filler,False,False,http://purl.obolibrary.org/obo/CL_0000084,T cell,False,,,,,True
http://purl.obolibrary.org/obo/HP_0410395,Increased effector memory CD8+ T cell proportion,direct,http://purl.obolibrary.org/obo/HP_0410395,Increased effector memory CD8+ T cell proportion,equivalentClass,characteristic of,has part some > characteristic of some,intersection_operand,False,False,http://purl.obolibrary.org/obo/CL_0001050,"effector CD8-positive, alpha-beta T cell",False,,,,,True
http://purl.obolibrary.org/obo/HP_0410396,Increased central memory CD8+ T cell proportion,direct,http://purl.obolibrary.org/obo/HP_0410396,Increased central memory CD8+ T cell proportion,equivalentClass,towards,has part some > towards some,restriction_filler,False,False,http://purl.obolibrary.org/obo/CL_0000084,T cell,False,,,,,True
http://purl.obolibrary.org/obo/HP_0410396,Increased central memory CD8+ T cell proportion,direct,http://purl.obolibrary.org/obo/HP_0410396,Increased central memory CD8+ T cell proportion,equivalentClass,characteristic of,has part some > characteristic of some,intersection_operand,False,False,http://purl.obolibrary.org/obo/CL_0000907,"central memory CD8-positive, alpha-beta T cell",False,,,,,True
http://purl.obolibrary.org/obo/HP_0500262,Atrichia,direct,http://purl.obolibrary.org/obo/HP_0500262,Atrichia,equivalentClass,characteristic of,has part some > characteristic of some,restriction_filler,False,False,http://purl.obolibrary.org/obo/CL_0002559,hair follicle cell,False,,,,,True
http://purl.obolibrary.org/obo/HP_0500265,Increased CD8+ TEMRA T cell proportion,direct,http://purl.obolibrary.org/obo/HP_0500265,Increased CD8+ TEMRA T cell proportion,equivalentClass,towards,has part some > towards some,restriction_filler,False,False,http://purl.obolibrary.org/obo/CL_0000084,T cell,False,,,,,True
http://purl.obolibrary.org/obo/HP_0500265,Increased CD8+ TEMRA T cell proportion,direct,http://purl.obolibrary.org/obo/HP_0500265,Increased CD8+ TEMRA T cell proportion,equivalentClass,characteristic of,has part some > characteristic of some,intersection_operand,False,False,http://purl.obolibrary.org/obo/CL_0001062,"effector memory CD8-positive, alpha-beta T cell, terminally differentiated",False,,,,,True
http://purl.obolibrary.org/obo/HP_0500266,Decreased CD8+ TEMRA T cell proportion,direct,http://purl.obolibrary.org/obo/HP_0500266,Decreased CD8+ TEMRA T cell proportion,equivalentClass,towards,has part some > towards some,restriction_filler,False,False,http://purl.obolibrary.org/obo/CL_0000084,T cell,False,,,,,True
http://purl.obolibrary.org/obo/HP_0500266,Decreased CD8+ TEMRA T cell proportion,direct,http://purl.obolibrary.org/obo/HP_0500266,Decreased CD8+ TEMRA T cell proportion,equivalentClass,characteristic of,has part some > characteristic of some,intersection_operand,False,False,http://purl.obolibrary.org/obo/CL_0001062,"effector memory CD8-positive, alpha-beta T cell, terminally differentiated",False,,,,,True
http://purl.obolibrary.org/obo/HP_0500270,Increased gamma-delta T cell proportion,direct,http://purl.obolibrary.org/obo/HP_0500270,Increased gamma-delta T cell proportion,equivalentClass,towards,has part some > towards some,restriction_filler,False,False,http://purl.obolibrary.org/obo/CL_0000084,T cell,False,,,,,True
http://purl.obolibrary.org/obo/HP_0500270,Increased gamma-delta T cell proportion,direct,http://purl.obolibrary.org/obo/HP_0500270,Increased gamma-delta T cell proportion,equivalentClass,characteristic of,has part some > characteristic of some,intersection_operand,False,False,http://purl.obolibrary.org/obo/CL_0000798,gamma-delta T cell,False,,,,,True
http://purl.obolibrary.org/obo/HP_0500271,Decreased gamma-delta T cell proportion,direct,http://purl.obolibrary.org/obo/HP_0500271,Decreased gamma-delta T cell proportion,equivalentClass,towards,has part some > towards some,restriction_filler,False,False,http://purl.obolibrary.org/obo/CL_0000084,T cell,False,,,,,True
http://purl.obolibrary.org/obo/HP_0500271,Decreased gamma-delta T cell proportion,direct,http://purl.obolibrary.org/obo/HP_0500271,Decreased gamma-delta T cell proportion,equivalentClass,characteristic of,has part some > characteristic of some,intersection_operand,False,False,http://purl.obolibrary.org/obo/CL_0000798,gamma-delta T cell,False,,,,,True
