HPO_IRI,HPO_Label,Property,Filler_IRI,Filler_Label,Obsolete,Replacement_IRI,Replacement_Label
http://purl.obolibrary.org/obo/HP_0000762,Decreased nerve conduction velocity,characteristic of,http://purl.obolibrary.org/obo/CL_0000111,obsolete peripheral neuron,True,http://purl.obolibrary.org/obo/CL_2000032,peripheral nervous system neuron
http://purl.obolibrary.org/obo/HP_0001872,Abnormality of thrombocytes,characteristic of part of,http://purl.obolibrary.org/obo/CL_0000233,platelet,False,,
http://purl.obolibrary.org/obo/HP_0001873,Thrombocytopenia,characteristic of,http://purl.obolibrary.org/obo/CL_0000233,platelet,False,,
http://purl.obolibrary.org/obo/HP_0001874,Abnormality of neutrophils,characteristic of part of,http://purl.obolibrary.org/obo/CL_0000775,neutrophil,False,,
http://purl.obolibrary.org/obo/HP_0001875,Decreased total neutrophil count,characteristic of,http://purl.obolibrary.org/obo/CL_0000775,neutrophil,False,,
http://purl.obolibrary.org/obo/HP_0001876,Pancytopenia,characteristic of,http://purl.obolibrary.org/obo/CL_0000232,erythrocyte,False,,
http://purl.obolibrary.org/obo/HP_0001876,Pancytopenia,characteristic of,http://purl.obolibrary.org/obo/CL_0000233,platelet,False,,
http://purl.obolibrary.org/obo/HP_0001876,Pancytopenia,characteristic of,http://purl.obolibrary.org/obo/CL_0000738,leukocyte,False,,
http://purl.obolibrary.org/obo/HP_0001877,Abnormal erythrocyte morphology,characteristic of part of,http://purl.obolibrary.org/obo/CL_0000232,erythrocyte,False,,
http://purl.obolibrary.org/obo/HP_0001879,Abnormal eosinophil morphology,characteristic of part of,http://purl.obolibrary.org/obo/CL_0000771,eosinophil,False,,
http://purl.obolibrary.org/obo/HP_0001881,Abnormal leukocyte morphology,characteristic of part of,http://purl.obolibrary.org/obo/CL_0000738,leukocyte,False,,
http://purl.obolibrary.org/obo/HP_0001896,Reticulocytopenia,characteristic of,http://purl.obolibrary.org/obo/CL_0000558,reticulocyte,False,,
http://purl.obolibrary.org/obo/HP_0001898,Increased red blood cell mass,characteristic of,http://purl.obolibrary.org/obo/CL_0000764,erythroid lineage cell,False,,
http://purl.obolibrary.org/obo/HP_0001901,Polycythemia,towards,http://purl.obolibrary.org/obo/CL_0000081,blood cell,False,,
http://purl.obolibrary.org/obo/HP_0001902,Giant platelets,characteristic of,http://purl.obolibrary.org/obo/CL_0000233,platelet,False,,
http://purl.obolibrary.org/obo/HP_0001903,Anemia,characteristic of,http://purl.obolibrary.org/obo/CL_0000232,erythrocyte,False,,
http://purl.obolibrary.org/obo/HP_0001911,Abnormal granulocyte morphology,characteristic of part of,http://purl.obolibrary.org/obo/CL_0000094,granulocyte,False,,
http://purl.obolibrary.org/obo/HP_0001912,Abnormal basophil morphology,characteristic of part of,http://purl.obolibrary.org/obo/CL_0000767,basophil,False,,
http://purl.obolibrary.org/obo/HP_0001922,Vacuolated lymphocytes,characteristic of,http://purl.obolibrary.org/obo/CL_0000542,lymphocyte,False,,
http://purl.obolibrary.org/obo/HP_0001923,Reticulocytosis,characteristic of,http://purl.obolibrary.org/obo/CL_0000558,reticulocyte,False,,
http://purl.obolibrary.org/obo/HP_0001952,Glucose intolerance,characteristic of,http://purl.obolibrary.org/obo/CL_0000000,cell,False,,
http://purl.obolibrary.org/obo/HP_0002282,Gray matter heterotopia,characteristic of,http://purl.obolibrary.org/obo/CL_0002319,neural cell,False,,
http://purl.obolibrary.org/obo/HP_0002398,Degeneration of anterior horn cells,characteristic of,http://purl.obolibrary.org/obo/CL_0000100,motor neuron,False,,
http://purl.obolibrary.org/obo/HP_0002446,Astrocytosis,occurs in,http://purl.obolibrary.org/obo/CL_0000127,astrocyte,False,,
http://purl.obolibrary.org/obo/HP_0002450,Abnormal motor neuron morphology,characteristic of,http://purl.obolibrary.org/obo/CL_0000100,motor neuron,False,,
http://purl.obolibrary.org/obo/HP_0002843,Abnormal T cell morphology,characteristic of,http://purl.obolibrary.org/obo/CL_0000084,T cell,False,,
http://purl.obolibrary.org/obo/HP_0002846,Abnormal B cell morphology,characteristic of,http://purl.obolibrary.org/obo/CL_0000236,B cell,False,,
http://purl.obolibrary.org/obo/HP_0003134,Abnormality of peripheral nerve conduction,characteristic of,http://purl.obolibrary.org/obo/CL_0000111,obsolete peripheral neuron,True,http://purl.obolibrary.org/obo/CL_2000032,peripheral nervous system neuron
http://purl.obolibrary.org/obo/HP_0003358,Elevated intracellular cystine,part of,http://purl.obolibrary.org/obo/CL_0000000,cell,False,,
http://purl.obolibrary.org/obo/HP_0003557,Increased variability in muscle fiber diameter,characteristic of,http://purl.obolibrary.org/obo/CL_0000188,cell of skeletal muscle,False,,
http://purl.obolibrary.org/obo/HP_0003651,Foam cells,characteristic of,http://purl.obolibrary.org/obo/CL_0000891,foam cell,False,,
http://purl.obolibrary.org/obo/HP_0003713,Muscle fiber necrosis,characteristic of part of,http://purl.obolibrary.org/obo/CL_0008002,skeletal muscle fiber,False,,
http://purl.obolibrary.org/obo/HP_0004303,Abnormal muscle fiber morphology,characteristic of part of,http://purl.obolibrary.org/obo/CL_0000188,cell of skeletal muscle,False,,
http://purl.obolibrary.org/obo/HP_0004311,Abnormal macrophage morphology,characteristic of part of,http://purl.obolibrary.org/obo/CL_0000235,macrophage,False,,
http://purl.obolibrary.org/obo/HP_0004312,Abnormal reticulocyte morphology,characteristic of part of,http://purl.obolibrary.org/obo/CL_0002422,enucleated reticulocyte,False,,
http://purl.obolibrary.org/obo/HP_0004332,Abnormal lymphocyte morphology,characteristic of part of,http://purl.obolibrary.org/obo/CL_0000542,lymphocyte,False,,
http://purl.obolibrary.org/obo/HP_0004444,Spherocytosis,characteristic of,http://purl.obolibrary.org/obo/CL_0000232,erythrocyte,False,,
http://purl.obolibrary.org/obo/HP_0004447,Poikilocytosis,characteristic of,http://purl.obolibrary.org/obo/CL_0000232,erythrocyte,False,,
http://purl.obolibrary.org/obo/HP_0004808,Acute myeloid leukemia,characteristic of,http://purl.obolibrary.org/obo/CL_0000835,myeloblast,False,,
http://purl.obolibrary.org/obo/HP_0004823,Anisopoikilocytosis,characteristic of,http://purl.obolibrary.org/obo/CL_0000232,erythrocyte,False,,
http://purl.obolibrary.org/obo/HP_0004852,Reduced leukocyte alkaline phosphatase,part of,http://purl.obolibrary.org/obo/CL_0000738,leukocyte,False,,
http://purl.obolibrary.org/obo/HP_0005152,Histiocytoid cardiomyopathy,characteristic of,http://purl.obolibrary.org/obo/CL_0002198,oncocyte,False,,
http://purl.obolibrary.org/obo/HP_0005365,Severe B lymphocytopenia,characteristic of,http://purl.obolibrary.org/obo/CL_0000236,B cell,False,,
http://purl.obolibrary.org/obo/HP_0005372,Abnormal B cell physiology,characteristic of,http://purl.obolibrary.org/obo/CL_0000236,B cell,False,,
http://purl.obolibrary.org/obo/HP_0005374,Cellular immunodeficiency,occurs in,http://purl.obolibrary.org/obo/CL_0000000,cell,False,,
http://purl.obolibrary.org/obo/HP_0005400,Reduction of neutrophil motility,characteristic of,http://purl.obolibrary.org/obo/CL_0000775,neutrophil,False,,
http://purl.obolibrary.org/obo/HP_0005403,Decreased total T cell count,characteristic of,http://purl.obolibrary.org/obo/CL_0000084,T cell,False,,
http://purl.obolibrary.org/obo/HP_0005404,Increased total B cell count,characteristic of,http://purl.obolibrary.org/obo/CL_0000236,B cell,False,,
http://purl.obolibrary.org/obo/HP_0005415,Decreased CD8+ T cell proportion,towards,http://purl.obolibrary.org/obo/CL_0000084,T cell,False,,
http://purl.obolibrary.org/obo/HP_0005422,Absence of CD8-positive T cells,characteristic of,http://purl.obolibrary.org/obo/CL_0000625,"CD8-positive, alpha-beta T cell",False,,
http://purl.obolibrary.org/obo/HP_0005537,Decreased mean platelet volume,characteristic of,http://purl.obolibrary.org/obo/CL_0000233,platelet,False,,
http://purl.obolibrary.org/obo/HP_0005548,Megakaryocytopenia,characteristic of,http://purl.obolibrary.org/obo/CL_0000556,megakaryocyte,False,,
http://purl.obolibrary.org/obo/HP_0005561,Abnormal bone marrow cell morphology,characteristic of,http://purl.obolibrary.org/obo/CL_0002092,bone marrow cell,False,,
http://purl.obolibrary.org/obo/HP_0006274,Reduced pancreatic beta cells,characteristic of,http://purl.obolibrary.org/obo/CL_0000169,type B pancreatic cell,False,,
http://purl.obolibrary.org/obo/HP_0006279,Beta-cell dysfunction,characteristic of,http://purl.obolibrary.org/obo/CL_0000169,type B pancreatic cell,False,,
http://purl.obolibrary.org/obo/HP_0006561,Lipid accumulation in hepatocytes,part of,http://purl.obolibrary.org/obo/CL_0000182,hepatocyte,False,,
http://purl.obolibrary.org/obo/HP_0006802,Abnormal anterior horn cell morphology,characteristic of,http://purl.obolibrary.org/obo/CL_0011001,spinal cord motor neuron,False,,
http://purl.obolibrary.org/obo/HP_0006959,Proximal spinal muscular atrophy,towards,http://purl.obolibrary.org/obo/CL_0000100,motor neuron,False,,
http://purl.obolibrary.org/obo/HP_0007001,Loss of Purkinje cells in the cerebellar vermis,towards,http://purl.obolibrary.org/obo/CL_0000121,Purkinje cell,False,,
http://purl.obolibrary.org/obo/HP_0007269,Spinal muscular atrophy,towards,http://purl.obolibrary.org/obo/CL_0000100,motor neuron,False,,
http://purl.obolibrary.org/obo/HP_0007373,Motor neuron atrophy,characteristic of,http://purl.obolibrary.org/obo/CL_0000100,motor neuron,False,,
http://purl.obolibrary.org/obo/HP_0008161,Absent leukocyte alkaline phosphatase,part of,http://purl.obolibrary.org/obo/CL_0000738,leukocyte,False,,
http://purl.obolibrary.org/obo/HP_0008318,Elevated leukocyte alkaline phosphatase,part of,http://purl.obolibrary.org/obo/CL_0000738,leukocyte,False,,
http://purl.obolibrary.org/obo/HP_0010789,Abnormality of the Leydig cells,characteristic of part of,http://purl.obolibrary.org/obo/CL_0000178,Leydig cell,False,,
http://purl.obolibrary.org/obo/HP_0010790,Hypoplasia of the Leydig cells,characteristic of,http://purl.obolibrary.org/obo/CL_0000178,Leydig cell,False,,
http://purl.obolibrary.org/obo/HP_0010791,Hyperplasia of the Leydig cells,characteristic of,http://purl.obolibrary.org/obo/CL_0000178,Leydig cell,False,,
http://purl.obolibrary.org/obo/HP_0010974,Abnormal myeloid leukocyte morphology,characteristic of,http://purl.obolibrary.org/obo/CL_0000766,myeloid leukocyte,False,,
http://purl.obolibrary.org/obo/HP_0010975,Abnormal B cell count,characteristic of,http://purl.obolibrary.org/obo/CL_0000236,B cell,False,,
http://purl.obolibrary.org/obo/HP_0010976,Decreased total B cell count,characteristic of,http://purl.obolibrary.org/obo/CL_0000236,B cell,False,,
http://purl.obolibrary.org/obo/HP_0011017,Abnormal cellular physiology,characteristic of,http://purl.obolibrary.org/obo/CL_0000000,cell,False,,
http://purl.obolibrary.org/obo/HP_0011839,Abnormal total T cell count,characteristic of,http://purl.obolibrary.org/obo/CL_0000084,T cell,False,,
http://purl.obolibrary.org/obo/HP_0011840,Abnormal T cell physiology,characteristic of,http://purl.obolibrary.org/obo/CL_0000084,T cell,False,,
http://purl.obolibrary.org/obo/HP_0011869,Abnormal platelet function,characteristic of,http://purl.obolibrary.org/obo/CL_0000233,platelet,False,,
http://purl.obolibrary.org/obo/HP_0011873,Abnormal platelet count,characteristic of,http://purl.obolibrary.org/obo/CL_0000233,platelet,False,,
http://purl.obolibrary.org/obo/HP_0011875,Abnormal platelet morphology,characteristic of,http://purl.obolibrary.org/obo/CL_0000233,platelet,False,,
http://purl.obolibrary.org/obo/HP_0011876,Abnormal platelet volume,characteristic of,http://purl.obolibrary.org/obo/CL_0000233,platelet,False,,
http://purl.obolibrary.org/obo/HP_0011877,Increased mean platelet volume,characteristic of,http://purl.obolibrary.org/obo/CL_0000233,platelet,False,,
http://purl.obolibrary.org/obo/HP_0011893,Abnormal leukocyte count,characteristic of,http://purl.obolibrary.org/obo/CL_0000738,leukocyte,False,,
http://purl.obolibrary.org/obo/HP_0011990,Abnormal neutrophil physiology,characteristic of,http://purl.obolibrary.org/obo/CL_0000775,neutrophil,False,,
http://purl.obolibrary.org/obo/HP_0011991,Abnormal total neutrophil count,characteristic of,http://purl.obolibrary.org/obo/CL_0000775,neutrophil,False,,
http://purl.obolibrary.org/obo/HP_0011992,Abnormal neutrophil morphology,characteristic of part of,http://purl.obolibrary.org/obo/CL_0000775,neutrophil,False,,
http://purl.obolibrary.org/obo/HP_0012084,Abnormality of skeletal muscle fiber size,characteristic of,http://purl.obolibrary.org/obo/CL_0008002,skeletal muscle fiber,False,,
http://purl.obolibrary.org/obo/HP_0012130,Abnormal erythroid lineage cell morphology,characteristic of part of,http://purl.obolibrary.org/obo/CL_0000764,erythroid lineage cell,False,,
http://purl.obolibrary.org/obo/HP_0012131,Abnormal number of erythroid precursors,characteristic of,http://purl.obolibrary.org/obo/CL_0000038,erythroid progenitor cell,False,,
http://purl.obolibrary.org/obo/HP_0012132,Erythroid hyperplasia,characteristic of,http://purl.obolibrary.org/obo/CL_0000038,erythroid progenitor cell,False,,
http://purl.obolibrary.org/obo/HP_0012133,Erythroid hypoplasia,characteristic of,http://purl.obolibrary.org/obo/CL_0000038,erythroid progenitor cell,False,,
http://purl.obolibrary.org/obo/HP_0012135,Abnormal granulocytopoietic cell morphology,characteristic of part of,http://purl.obolibrary.org/obo/CL_0002191,granulocytopoietic cell,False,,
http://purl.obolibrary.org/obo/HP_0012137,Abnormal number of granulocyte precursors,characteristic of part of,http://purl.obolibrary.org/obo/CL_0002191,granulocytopoietic cell,False,,
http://purl.obolibrary.org/obo/HP_0012138,Granulocytic hyperplasia,characteristic of part of,http://purl.obolibrary.org/obo/CL_0002191,granulocytopoietic cell,False,,
http://purl.obolibrary.org/obo/HP_0012139,Granulocytic hypoplasia,characteristic of part of,http://purl.obolibrary.org/obo/CL_0002191,granulocytopoietic cell,False,,
http://purl.obolibrary.org/obo/HP_0012143,Abnormal megakaryocyte morphology,characteristic of part of,http://purl.obolibrary.org/obo/CL_0000556,megakaryocyte,False,,
http://purl.obolibrary.org/obo/HP_0012144,Abnormal monocyte morphology,characteristic of part of,http://purl.obolibrary.org/obo/CL_0000576,monocyte,False,,
http://purl.obolibrary.org/obo/HP_0012176,Abnormal natural killer cell morphology,characteristic of,http://purl.obolibrary.org/obo/CL_0000623,natural killer cell,False,,
http://purl.obolibrary.org/obo/HP_0012177,Abnormal natural killer cell physiology,characteristic of,http://purl.obolibrary.org/obo/CL_0000623,natural killer cell,False,,
http://purl.obolibrary.org/obo/HP_0012187,Increased erythrocyte protoporphyrin concentration,part of,http://purl.obolibrary.org/obo/CL_0000232,erythrocyte,False,,
http://purl.obolibrary.org/obo/HP_0012234,Absence of circulating granulocytes,characteristic of,http://purl.obolibrary.org/obo/CL_0000094,granulocyte,False,,
http://purl.obolibrary.org/obo/HP_0012261,Abnormal respiratory motile cilium physiology,characteristic of,http://purl.obolibrary.org/obo/CL_0002368,respiratory tract epithelial cell,False,,
http://purl.obolibrary.org/obo/HP_0012310,Abnormal monocyte count,characteristic of,http://purl.obolibrary.org/obo/CL_0000576,monocyte,False,,
http://purl.obolibrary.org/obo/HP_0012311,Increased total monocyte count,characteristic of,http://purl.obolibrary.org/obo/CL_0000576,monocyte,False,,
http://purl.obolibrary.org/obo/HP_0012312,Decreased total monocyte count,characteristic of,http://purl.obolibrary.org/obo/CL_0000576,monocyte,False,,
http://purl.obolibrary.org/obo/HP_0012524,Abnormal platelet shape,characteristic of,http://purl.obolibrary.org/obo/CL_0000233,platelet,False,,
http://purl.obolibrary.org/obo/HP_0012757,Abnormal neuron morphology,characteristic of,http://purl.obolibrary.org/obo/CL_0000540,neuron,False,,
http://purl.obolibrary.org/obo/HP_0012862,Abnormal germ cell morphology,characteristic of,http://purl.obolibrary.org/obo/CL_0000586,germ cell,False,,
http://purl.obolibrary.org/obo/HP_0012863,Abnormal male germ cell morphology,characteristic of,http://purl.obolibrary.org/obo/CL_0000015,male germ cell,False,,
http://purl.obolibrary.org/obo/HP_0012864,Abnormal sperm morphology,characteristic of,http://purl.obolibrary.org/obo/CL_0000019,sperm,False,,
http://purl.obolibrary.org/obo/HP_0020047,Abnormal myeloid cell morphology,characteristic of,http://purl.obolibrary.org/obo/CL_0000763,myeloid cell,False,,
http://purl.obolibrary.org/obo/HP_0020054,Abnormal erythrocyte physiology,characteristic of,http://purl.obolibrary.org/obo/CL_0000232,erythrocyte,False,,
http://purl.obolibrary.org/obo/HP_0020111,Abnormal proportion of regulatory T cells,towards,http://purl.obolibrary.org/obo/CL_0000000,cell,False,,
http://purl.obolibrary.org/obo/HP_0020112,Increased proportion of regulatory T cells,towards,http://purl.obolibrary.org/obo/CL_0000000,cell,False,,
http://purl.obolibrary.org/obo/HP_0020113,Decreased proportion of regulatory T cells,towards,http://purl.obolibrary.org/obo/CL_0000000,cell,False,,
http://purl.obolibrary.org/obo/HP_0020177,Abnormal proportion of CD8-positive TEMRA T cells,towards,http://purl.obolibrary.org/obo/CL_0000084,T cell,False,,
http://purl.obolibrary.org/obo/HP_0025029,Abnormal enteric neuron morphology,characteristic of,http://purl.obolibrary.org/obo/CL_0007011,enteric neuron,False,,
http://purl.obolibrary.org/obo/HP_0025030,Enteric neuronal degeneration,characteristic of,http://purl.obolibrary.org/obo/CL_0007011,enteric neuron,False,,
http://purl.obolibrary.org/obo/HP_0025034,Abnormal morphology of erythroid progenitor cell,characteristic of part of,http://purl.obolibrary.org/obo/CL_0000038,erythroid progenitor cell,False,,
http://purl.obolibrary.org/obo/HP_0025035,Abnormal proerythroblast morphology,characteristic of part of,http://purl.obolibrary.org/obo/CL_0000547,proerythroblast,False,,
http://purl.obolibrary.org/obo/HP_0025354,Abnormal cellular phenotype,characteristic of part of,http://purl.obolibrary.org/obo/CL_0000000,cell,False,,
http://purl.obolibrary.org/obo/HP_0025461,Abnormal cell morphology,characteristic of,http://purl.obolibrary.org/obo/CL_0000000,cell,False,,
http://purl.obolibrary.org/obo/HP_0025624,Decreased CD4+ effector memory T cell proportion,towards,http://purl.obolibrary.org/obo/CL_0000084,T cell,False,,
http://purl.obolibrary.org/obo/HP_0025625,Increased proportion of CD4+ effector memory T cells,towards,http://purl.obolibrary.org/obo/CL_0000084,T cell,False,,
http://purl.obolibrary.org/obo/HP_0030089,Abnormal muscle fiber protein expression,part of,http://purl.obolibrary.org/obo/CL_0008002,skeletal muscle fiber,False,,
http://purl.obolibrary.org/obo/HP_0030326,Abnormal macrophage count,characteristic of,http://purl.obolibrary.org/obo/CL_0000235,macrophage,False,,
http://purl.obolibrary.org/obo/HP_0030370,Abnormal naive B cell proportion,towards,http://purl.obolibrary.org/obo/CL_0000236,B cell,False,,
http://purl.obolibrary.org/obo/HP_0030371,Increased naive B cell proportion,towards,http://purl.obolibrary.org/obo/CL_0000236,B cell,False,,
http://purl.obolibrary.org/obo/HP_0030372,Decreased naive B cell proportion,towards,http://purl.obolibrary.org/obo/CL_0000236,B cell,False,,
http://purl.obolibrary.org/obo/HP_0030373,Abnormal memory B cell proportion,towards,http://purl.obolibrary.org/obo/CL_0000236,B cell,False,,
http://purl.obolibrary.org/obo/HP_0030374,Decreased proportion of memory B cells,towards,http://purl.obolibrary.org/obo/CL_0000236,B cell,False,,
http://purl.obolibrary.org/obo/HP_0030375,Increased proportion of memory B cells,towards,http://purl.obolibrary.org/obo/CL_0000236,B cell,False,,
http://purl.obolibrary.org/obo/HP_0030376,Abnormal immature B cell proportion,towards,http://purl.obolibrary.org/obo/CL_0000236,B cell,False,,
http://purl.obolibrary.org/obo/HP_0030377,Increased immature B cell proportion,towards,http://purl.obolibrary.org/obo/CL_0000236,B cell,False,,
http://purl.obolibrary.org/obo/HP_0030378,Decreased immature B cell proportion,towards,http://purl.obolibrary.org/obo/CL_0000236,B cell,False,,
http://purl.obolibrary.org/obo/HP_0030379,Abnormal transitional B cell proportion,towards,http://purl.obolibrary.org/obo/CL_0000236,B cell,False,,
http://purl.obolibrary.org/obo/HP_0030380,Decreased transitional B cell proportion,towards,http://purl.obolibrary.org/obo/CL_0000236,B cell,False,,
http://purl.obolibrary.org/obo/HP_0030381,Increased transitional B cell proportion,towards,http://purl.obolibrary.org/obo/CL_0000236,B cell,False,,
http://purl.obolibrary.org/obo/HP_0030383,Abnormal proportion of marginal zone B cells,towards,http://purl.obolibrary.org/obo/CL_0000236,B cell,False,,
http://purl.obolibrary.org/obo/HP_0030384,Decreased proportion of marginal zone B cells,towards,http://purl.obolibrary.org/obo/CL_0000236,B cell,False,,
http://purl.obolibrary.org/obo/HP_0030385,Increased proportion of marginal zone B cells,towards,http://purl.obolibrary.org/obo/CL_0000236,B cell,False,,
http://purl.obolibrary.org/obo/HP_0030386,Abnormal class-switched memory B cell proportion,towards,http://purl.obolibrary.org/obo/CL_0000236,B cell,False,,
http://purl.obolibrary.org/obo/HP_0030387,Increased class-switched memory B cell proportion,towards,http://purl.obolibrary.org/obo/CL_0000236,B cell,False,,
http://purl.obolibrary.org/obo/HP_0030388,Decreased class-switched memory B cell proportion,towards,http://purl.obolibrary.org/obo/CL_0000236,B cell,False,,
http://purl.obolibrary.org/obo/HP_0031137,Storage in hepatocytes,part of,http://purl.obolibrary.org/obo/CL_0000182,hepatocyte,False,,
http://purl.obolibrary.org/obo/HP_0031392,Abnormal CD4+ T cell subset proportion,towards,http://purl.obolibrary.org/obo/CL_0000084,T cell,False,,
http://purl.obolibrary.org/obo/HP_0031393,Abnormal CD8+ T cell proportion,towards,http://purl.obolibrary.org/obo/CL_0000084,T cell,False,,
http://purl.obolibrary.org/obo/HP_0031396,Abnormal naive T cell proportion,towards,http://purl.obolibrary.org/obo/CL_0000084,T cell,False,,
http://purl.obolibrary.org/obo/HP_0031397,Decreased proportion of naive T cells,towards,http://purl.obolibrary.org/obo/CL_0000084,T cell,False,,
http://purl.obolibrary.org/obo/HP_0031398,Increased proportion of naive T cells,towards,http://purl.obolibrary.org/obo/CL_0000084,T cell,False,,
http://purl.obolibrary.org/obo/HP_0031514,Increased proportion of exhausted T cells,towards,http://purl.obolibrary.org/obo/CL_0000084,T cell,False,,
http://purl.obolibrary.org/obo/HP_0031806,Abnormal total basophil count,characteristic of,http://purl.obolibrary.org/obo/CL_0000767,basophil,False,,
http://purl.obolibrary.org/obo/HP_0031807,Increased total basophil count,characteristic of,http://purl.obolibrary.org/obo/CL_0000767,basophil,False,,
http://purl.obolibrary.org/obo/HP_0031808,Decreased total basophil count,characteristic of,http://purl.obolibrary.org/obo/CL_0000767,basophil,False,,
http://purl.obolibrary.org/obo/HP_0032124,Abnormal unswitched memory B cell proportion,towards,http://purl.obolibrary.org/obo/CL_0000236,B cell,False,,
http://purl.obolibrary.org/obo/HP_0032125,Increased unswitched memory B cell proportion,towards,http://purl.obolibrary.org/obo/CL_0000000,cell,False,,
http://purl.obolibrary.org/obo/HP_0032126,Decreased unswitched memory B cell proportion,towards,http://purl.obolibrary.org/obo/CL_0000236,B cell,False,,
http://purl.obolibrary.org/obo/HP_0032127,Abnormal plasmablast proportion,towards,http://purl.obolibrary.org/obo/CL_0000236,B cell,False,,
http://purl.obolibrary.org/obo/HP_0032128,Increased proportion of plasmablasts,towards,http://purl.obolibrary.org/obo/CL_0000236,B cell,False,,
http://purl.obolibrary.org/obo/HP_0032129,Decreased proportion of plasmablasts,towards,http://purl.obolibrary.org/obo/CL_0000236,B cell,False,,
http://purl.obolibrary.org/obo/HP_0032182,Abnormal memory T cell proportion,towards,http://purl.obolibrary.org/obo/CL_0000084,T cell,False,,
http://purl.obolibrary.org/obo/HP_0032183,Decreased memory T cell proportion,towards,http://purl.obolibrary.org/obo/CL_0000084,T cell,False,,
http://purl.obolibrary.org/obo/HP_0032184,Increased memory T cell proportion,towards,http://purl.obolibrary.org/obo/CL_0000236,B cell,False,,
http://purl.obolibrary.org/obo/HP_0032218,Decreased proportion of CD4+ T cells,towards,http://purl.obolibrary.org/obo/CL_0000084,T cell,False,,
http://purl.obolibrary.org/obo/HP_0032219,Increased proportion of CD4+ T cells,towards,http://purl.obolibrary.org/obo/CL_0000084,T cell,False,,
http://purl.obolibrary.org/obo/HP_0034278,Multinucleated erythroblast,characteristic of part of,http://purl.obolibrary.org/obo/CL_0000765,erythroblast,False,,
http://purl.obolibrary.org/obo/HP_0040088,Abnormal lymphocyte count,characteristic of,http://purl.obolibrary.org/obo/CL_0000542,lymphocyte,False,,
http://purl.obolibrary.org/obo/HP_0040089,Abnormal total natural killer cell count,characteristic of,http://purl.obolibrary.org/obo/CL_0000623,natural killer cell,False,,
http://purl.obolibrary.org/obo/HP_0040218,Reduced total natural killer cell count,characteristic of,http://purl.obolibrary.org/obo/CL_0000623,natural killer cell,False,,
http://purl.obolibrary.org/obo/HP_0040219,Absent natural killer cells,characteristic of,http://purl.obolibrary.org/obo/CL_0000623,natural killer cell,False,,
http://purl.obolibrary.org/obo/HP_0041044,Low neutrophil alkaline phosphatase,part of,http://purl.obolibrary.org/obo/CL_0000775,neutrophil,False,,
http://purl.obolibrary.org/obo/HP_0041080,Abnormal proportion of exhausted T cells,towards,http://purl.obolibrary.org/obo/CL_0000084,T cell,False,,
http://purl.obolibrary.org/obo/HP_0100293,Hypertrophied muscle fibers,characteristic of part of,http://purl.obolibrary.org/obo/CL_0000188,cell of skeletal muscle,False,,
http://purl.obolibrary.org/obo/HP_0100295,Muscle fiber atrophy,characteristic of part of,http://purl.obolibrary.org/obo/CL_0000188,cell of skeletal muscle,False,,
http://purl.obolibrary.org/obo/HP_0100299,Muscle fiber inclusion bodies,characteristic of part of,http://purl.obolibrary.org/obo/CL_0000187,muscle cell,False,,
http://purl.obolibrary.org/obo/HP_0100494,Abnormal mast cell morphology,characteristic of,http://purl.obolibrary.org/obo/CL_0000097,mast cell,False,,
http://purl.obolibrary.org/obo/HP_0100495,Mastocytosis,characteristic of,http://purl.obolibrary.org/obo/CL_0000097,mast cell,False,,
http://purl.obolibrary.org/obo/HP_0100705,Abnormal glial cell morphology,characteristic of part of,http://purl.obolibrary.org/obo/CL_0000125,glial cell,False,,
http://purl.obolibrary.org/obo/HP_0100706,Abnormal oligodendroglia morphology,characteristic of part of,http://purl.obolibrary.org/obo/CL_0000128,oligodendrocyte,False,,
http://purl.obolibrary.org/obo/HP_0100707,Abnormal astrocyte morphology,characteristic of part of,http://purl.obolibrary.org/obo/CL_0000127,astrocyte,False,,
http://purl.obolibrary.org/obo/HP_0100708,Abnormal microglia morphology,characteristic of part of,http://purl.obolibrary.org/obo/CL_0000129,microglial cell,False,,
http://purl.obolibrary.org/obo/HP_0100709,Reduction of oligodendroglia,characteristic of,http://purl.obolibrary.org/obo/CL_0000128,oligodendrocyte,False,,
http://purl.obolibrary.org/obo/HP_0100828,Increased total T cell count,characteristic of,http://purl.obolibrary.org/obo/CL_0000084,T cell,False,,
http://purl.obolibrary.org/obo/HP_0410063,Increased level of galactonate in red blood cells,part of,http://purl.obolibrary.org/obo/CL_0000232,erythrocyte,False,,
http://purl.obolibrary.org/obo/HP_0410064,Increased level of galactitol in red blood cells,part of,http://purl.obolibrary.org/obo/CL_0000232,erythrocyte,False,,
http://purl.obolibrary.org/obo/HP_0410157,Increased level of N-acetylneuraminic acid in fibroblasts,part of,http://purl.obolibrary.org/obo/CL_0000057,fibroblast,False,,
http://purl.obolibrary.org/obo/HP_0410183,Abnormal glucose-6-phosphate dehydrogenase level in leukocytes,part of,http://purl.obolibrary.org/obo/CL_0000738,leukocyte,False,,
http://purl.obolibrary.org/obo/HP_0410184,Abnormal glucose-6-phosphate dehydrogenase level in red blood cells,part of,http://purl.obolibrary.org/obo/CL_0000232,erythrocyte,False,,
http://purl.obolibrary.org/obo/HP_0410188,Decreased glucose-6-phosphate dehydrogenase level in red blood cells,part of,http://purl.obolibrary.org/obo/CL_0000232,erythrocyte,False,,
http://purl.obolibrary.org/obo/HP_0410189,Increased glucose-6-phosphate dehydrogenase level in red blood cells,part of,http://purl.obolibrary.org/obo/CL_0000232,erythrocyte,False,,
http://purl.obolibrary.org/obo/HP_0410190,Decreased glucose-6-phosphate dehydrogenase level in leukocytes,part of,http://purl.obolibrary.org/obo/CL_0000738,leukocyte,False,,
http://purl.obolibrary.org/obo/HP_0410191,Increased glucose-6-phosphate dehydrogenase level in leukocytes,part of,http://purl.obolibrary.org/obo/CL_0000738,leukocyte,False,,
http://purl.obolibrary.org/obo/HP_0410196,Abnormal erythrocyte UDP glucose-4-epimerase concentration,part of,http://purl.obolibrary.org/obo/CL_0000232,erythrocyte,False,,
http://purl.obolibrary.org/obo/HP_0410197,Increased erythrocyte UDP glucose-4-epimerase concentration,part of,http://purl.obolibrary.org/obo/CL_0000232,erythrocyte,False,,
http://purl.obolibrary.org/obo/HP_0410198,Decreased erythrocyte UDP glucose-4-epimerase concentration,part of,http://purl.obolibrary.org/obo/CL_0000232,erythrocyte,False,,
http://purl.obolibrary.org/obo/HP_0410373,Abnormal proportion of naive CD4+ T cells,towards,http://purl.obolibrary.org/obo/CL_0000084,T cell,False,,
http://purl.obolibrary.org/obo/HP_0410375,Increased proportion of naive CD4+ T cells,towards,http://purl.obolibrary.org/obo/CL_0000084,T cell,False,,
http://purl.obolibrary.org/obo/HP_0410378,Decreased proportion of naive CD4+ T cells,towards,http://purl.obolibrary.org/obo/CL_0000084,T cell,False,,
http://purl.obolibrary.org/obo/HP_0410379,Abnormal proportion of CD4+ memory T cells,towards,http://purl.obolibrary.org/obo/CL_0000084,T cell,False,,
http://purl.obolibrary.org/obo/HP_0410380,Abnormal memory CD8+ T cell proportion,towards,http://purl.obolibrary.org/obo/CL_0000084,T cell,False,,
http://purl.obolibrary.org/obo/HP_0410383,Abnormal effector memory CD8+ T cell proportion,towards,http://purl.obolibrary.org/obo/CL_0000084,T cell,False,,
http://purl.obolibrary.org/obo/HP_0410384,Abnormal central memory CD8+ T cell proportion,towards,http://purl.obolibrary.org/obo/CL_0000084,T cell,False,,
http://purl.obolibrary.org/obo/HP_0410385,Decreased CD8+ memory T cell proportion,towards,http://purl.obolibrary.org/obo/CL_0000084,T cell,False,,
http://purl.obolibrary.org/obo/HP_0410386,Decreased proportion of CD4-positive memory T cells,towards,http://purl.obolibrary.org/obo/CL_0000084,T cell,False,,
http://purl.obolibrary.org/obo/HP_0410389,Decreased central memory CD8+ T cell proportion,towards,http://purl.obolibrary.org/obo/CL_0000084,T cell,False,,
http://purl.obolibrary.org/obo/HP_0410390,Decreased effector memory CD8+ T cell proportion,towards,http://purl.obolibrary.org/obo/CL_0000084,T cell,False,,
http://purl.obolibrary.org/obo/HP_0410391,Increased proportion of CD4+ memory T cells,towards,http://purl.obolibrary.org/obo/CL_0000084,T cell,False,,
http://purl.obolibrary.org/obo/HP_0410392,Increased CD8+ memory T cell proportion,towards,http://purl.obolibrary.org/obo/CL_0000084,T cell,False,,
http://purl.obolibrary.org/obo/HP_0410395,Increased effector memory CD8+ T cell proportion,towards,http://purl.obolibrary.org/obo/CL_0000084,T cell,False,,
http://purl.obolibrary.org/obo/HP_0410396,Increased central memory CD8+ T cell proportion,towards,http://purl.obolibrary.org/obo/CL_0000084,T cell,False,,
http://purl.obolibrary.org/obo/HP_0500262,Atrichia,characteristic of,http://purl.obolibrary.org/obo/CL_0002559,hair follicle cell,False,,
http://purl.obolibrary.org/obo/HP_0500265,Increased proportion of CD8+ TEMRA T cells,towards,http://purl.obolibrary.org/obo/CL_0000084,T cell,False,,
http://purl.obolibrary.org/obo/HP_0500266,Decreased proportion of CD8+ TEMRA T cells,towards,http://purl.obolibrary.org/obo/CL_0000084,T cell,False,,
http://purl.obolibrary.org/obo/HP_0500270,Increased gamma-delta T cell proportion,towards,http://purl.obolibrary.org/obo/CL_0000084,T cell,False,,
http://purl.obolibrary.org/obo/HP_0500271,Decreased gamma-delta T cell proportion,towards,http://purl.obolibrary.org/obo/CL_0000084,T cell,False,,
